Category,City,Country,Customer ID,Customer Name,Discount,Market,记录数,Order Date,Order ID,Order Priority,Product ID,Product Name,Profit,Quantity,Region,Row ID,Sales,Segment,Ship Date,Ship Mode,Shipping Cost,State,Sub-Category,Year,Market2,weeknum
Office Supplies,Los Angeles,United States,LS-172304,Lycoris Saunders,0.0,US,1,2011-01-07 00:00:00.000,CA-2011-130813,High,OFF-PA-10002005,Xerox 225,9.3312,3,West,36624,19,Consumer,2011-01-09 00:00:00.000,Second Class,4.37,California,Paper,2011,North America,2
Office Supplies,Los Angeles,United States,MV-174854,Mark Van Huff,0.0,US,1,2011-01-21 00:00:00.000,CA-2011-148614,Medium,OFF-PA-10002893,"Wirebound Service Call Books, 5 1/2"" x 4""",9.2928,2,West,37033,19,Consumer,2011-01-26 00:00:00.000,Standard Class,0.94,California,Paper,2011,North America,4
Office Supplies,Los Angeles,United States,CS-121304,Chad Sievert,0.0,US,1,2011-08-05 00:00:00.000,CA-2011-118962,Medium,OFF-PA-10000659,"Adams Phone Message Book, Professional, 400 Message Capacity, 5 3/6” x 11”",9.8418,3,West,31468,21,Consumer,2011-08-09 00:00:00.000,Standard Class,1.81,California,Paper,2011,North America,32
Office Supplies,Los Angeles,United States,CS-121304,Chad Sievert,0.0,US,1,2011-08-05 00:00:00.000,CA-2011-118962,Medium,OFF-PA-10001144,Xerox 1913,53.2608,2,West,31469,111,Consumer,2011-08-09 00:00:00.000,Standard Class,4.59,California,Paper,2011,North America,32
Office Supplies,Los Angeles,United States,AP-109154,Arthur Prichep,0.0,US,1,2011-09-29 00:00:00.000,CA-2011-146969,High,OFF-PA-10002105,Xerox 223,3.1104,1,West,32440,6,Consumer,2011-10-03 00:00:00.000,Standard Class,1.32,California,Paper,2011,North America,40
Office Supplies,Los Angeles,United States,JF-154904,Jeremy Farry,0.0,US,1,2011-10-19 00:00:00.000,CA-2011-117317,Critical,OFF-PA-10004519,Spiral Phone Message Books with Labels by Adams,6.5856,3,West,32890,13,Consumer,2011-10-19 00:00:00.000,Same Day,2.39,California,Paper,2011,North America,43
Office Supplies,Los Angeles,United States,WB-218504,William Brown,0.0,US,1,2011-11-04 00:00:00.000,CA-2011-125829,Medium,OFF-PA-10000223,Xerox 2000,9.3312,3,West,35608,19,Consumer,2011-11-11 00:00:00.000,Standard Class,1.15,California,Paper,2011,North America,45
Office Supplies,Los Angeles,United States,JA-159704,Joseph Airdo,0.0,US,1,2011-11-12 00:00:00.000,CA-2011-151295,High,OFF-PA-10001947,Xerox 1974,5.8604,2,West,33709,12,Consumer,2011-11-16 00:00:00.000,Standard Class,0.92,California,Paper,2011,North America,46
Office Supplies,Los Angeles,United States,SP-209204,Susan Pistek,0.0,US,1,2011-11-22 00:00:00.000,CA-2011-135090,High,OFF-PA-10002245,Xerox 1895,24.219,9,West,35267,54,Consumer,2011-11-26 00:00:00.000,Standard Class,6.98,California,Paper,2011,North America,48
Office Supplies,Los Angeles,United States,RL-196154,Rob Lucas,0.0,US,1,2011-12-05 00:00:00.000,CA-2011-133830,Medium,OFF-PA-10001363,Xerox 1933,23.0864,4,West,38866,49,Consumer,2011-12-10 00:00:00.000,Standard Class,1.99,California,Paper,2011,North America,50
Office Supplies,Los Angeles,United States,KD-163454,Katherine Ducich,0.0,US,1,2011-12-13 00:00:00.000,CA-2011-113579,High,OFF-PA-10001457,White GlueTop Scratch Pads,41.5104,6,West,33788,90,Consumer,2011-12-15 00:00:00.000,Second Class,8.53,California,Paper,2011,North America,51
Office Supplies,Los Angeles,United States,JM-161954,Justin MacKendrick,0.0,US,1,2012-02-15 00:00:00.000,CA-2012-116092,Medium,OFF-PA-10004285,Xerox 1959,6.4128,2,West,33544,13,Consumer,2012-02-18 00:00:00.000,Second Class,1.0,California,Paper,2012,North America,7
Office Supplies,Los Angeles,United States,JM-161954,Justin MacKendrick,0.0,US,1,2012-02-15 00:00:00.000,CA-2012-116092,Medium,OFF-PA-10000477,Xerox 22,9.3312,3,West,33548,19,Consumer,2012-02-18 00:00:00.000,Second Class,0.06,California,Paper,2012,North America,7
Office Supplies,Los Angeles,United States,RD-195854,Rob Dowd,0.0,US,1,2012-02-16 00:00:00.000,CA-2012-121776,High,OFF-PA-10001970,Xerox 1881,17.3148,3,West,39431,37,Consumer,2012-02-21 00:00:00.000,Standard Class,4.04,California,Paper,2012,North America,7
Office Supplies,Los Angeles,United States,AB-101654,Alan Barnes,0.0,US,1,2012-03-28 00:00:00.000,CA-2012-131534,Medium,OFF-PA-10000743,Xerox 1977,16.032,5,West,31990,33,Consumer,2012-04-02 00:00:00.000,Standard Class,2.25,California,Paper,2012,North America,13
Office Supplies,Los Angeles,United States,AR-105404,Andy Reiter,0.0,US,1,2012-04-11 00:00:00.000,US-2012-136987,Medium,OFF-PA-10003127,Staples,24.2696,2,West,38758,53,Consumer,2012-04-14 00:00:00.000,Second Class,1.59,California,Paper,2012,North America,15
Office Supplies,Los Angeles,United States,LH-171554,Logan Haushalter,0.0,US,1,2012-06-19 00:00:00.000,CA-2012-121965,Medium,OFF-PA-10004355,Xerox 231,3.1104,1,West,35746,6,Consumer,2012-06-23 00:00:00.000,Standard Class,0.52,California,Paper,2012,North America,25
Office Supplies,Los Angeles,United States,AR-105104,Andrew Roberts,0.0,US,1,2012-08-31 00:00:00.000,CA-2012-112319,High,OFF-PA-10003441,Xerox 226,27.9936,9,West,32057,58,Consumer,2012-09-05 00:00:00.000,Standard Class,7.98,California,Paper,2012,North America,35
Office Supplies,Los Angeles,United States,NG-184304,Nathan Gelder,0.0,US,1,2012-11-22 00:00:00.000,CA-2012-137708,High,OFF-PA-10000176,Xerox 1887,18.2112,2,West,36102,38,Consumer,2012-11-25 00:00:00.000,Second Class,3.9,California,Paper,2012,North America,47
Office Supplies,Los Angeles,United States,NG-184304,Nathan Gelder,0.0,US,1,2012-11-22 00:00:00.000,CA-2012-137708,High,OFF-PA-10000327,Xerox 1971,19.26,10,West,36103,43,Consumer,2012-11-25 00:00:00.000,Second Class,6.15,California,Paper,2012,North America,47
Office Supplies,Los Angeles,United States,DP-130004,Darren Powers,0.0,US,1,2012-11-24 00:00:00.000,CA-2012-105347,Medium,OFF-PA-10000675,Xerox 1919,180.7659,9,West,33074,369,Consumer,2012-11-28 00:00:00.000,Standard Class,6.98,California,Paper,2012,North America,47
Office Supplies,Los Angeles,United States,TS-213404,Toby Swindell,0.0,US,1,2012-11-24 00:00:00.000,CA-2012-153416,Medium,OFF-PA-10002005,Xerox 225,9.3312,3,West,35414,19,Consumer,2012-11-29 00:00:00.000,Standard Class,1.68,California,Paper,2012,North America,47
Office Supplies,Los Angeles,United States,KM-167204,Kunst Miller,0.0,US,1,2012-11-24 00:00:00.000,CA-2012-135545,Medium,OFF-PA-10003892,Xerox 1943,68.9631,3,West,31361,147,Consumer,2012-11-30 00:00:00.000,Standard Class,4.93,California,Paper,2012,North America,47
Office Supplies,Los Angeles,United States,AI-108554,Arianne Irving,0.0,US,1,2012-12-20 00:00:00.000,CA-2012-158918,Medium,OFF-PA-10004947,Staples,7.704,4,West,39966,17,Consumer,2012-12-25 00:00:00.000,Second Class,1.31,California,Paper,2012,North America,51
Office Supplies,Los Angeles,United States,CL-125654,Clay Ludtke,0.0,US,1,2012-12-30 00:00:00.000,CA-2012-135580,Medium,OFF-PA-10000595,Xerox 1929,31.5192,3,West,37305,69,Consumer,2013-01-03 00:00:00.000,Standard Class,6.36,California,Paper,2012,North America,53
Office Supplies,Los Angeles,United States,SW-202454,Scot Wooten,0.0,US,1,2013-03-13 00:00:00.000,US-2013-119270,Medium,OFF-PA-10004022,Hammermill Color Copier Paper (28Lb. and 96 Bright),8.991,2,West,39776,20,Consumer,2013-03-17 00:00:00.000,Standard Class,1.3,California,Paper,2013,North America,11
Office Supplies,Los Angeles,United States,CC-122204,Chris Cortes,0.0,US,1,2013-03-29 00:00:00.000,CA-2013-131380,Critical,OFF-PA-10001243,Xerox 1983,2.9302,1,West,38455,6,Consumer,2013-04-01 00:00:00.000,Second Class,1.82,California,Paper,2013,North America,13
Office Supplies,Los Angeles,United States,LC-171404,Logan Currie,0.0,US,1,2013-04-09 00:00:00.000,CA-2013-130477,High,OFF-PA-10002947,Xerox 1923,9.6192,3,West,32200,20,Consumer,2013-04-13 00:00:00.000,Standard Class,2.92,California,Paper,2013,North America,15
Office Supplies,Los Angeles,United States,LC-171404,Logan Currie,0.0,US,1,2013-04-09 00:00:00.000,CA-2013-130477,High,OFF-PA-10000019,Xerox 1931,6.2208,2,West,32202,13,Consumer,2013-04-13 00:00:00.000,Standard Class,2.28,California,Paper,2013,North America,15
Office Supplies,Los Angeles,United States,JF-152954,Jason Fortune-,0.0,US,1,2013-04-13 00:00:00.000,CA-2013-163594,Medium,OFF-PA-10000809,Xerox 206,9.3312,3,West,38657,19,Consumer,2013-04-15 00:00:00.000,First Class,1.77,California,Paper,2013,North America,15
Office Supplies,Los Angeles,United States,JO-152804,Jas O'Carroll,0.0,US,1,2013-04-20 00:00:00.000,US-2013-115819,Medium,OFF-PA-10002377,"Adams Telephone Message Book W/Dividers/Space For Phone Numbers, 5 1/4""X8 1/2"", 200/Messages",10.224,4,West,32905,23,Consumer,2013-04-25 00:00:00.000,Second Class,3.87,California,Paper,2013,North America,16
Office Supplies,Los Angeles,United States,TB-216254,Trudy Brown,0.0,US,1,2013-05-09 00:00:00.000,CA-2013-111696,High,OFF-PA-10002751,Xerox 1920,8.073,3,West,36111,18,Consumer,2013-05-11 00:00:00.000,First Class,3.42,California,Paper,2013,North America,19
Office Supplies,Los Angeles,United States,TT-210704,Ted Trevino,0.0,US,1,2013-05-12 00:00:00.000,CA-2013-162733,Medium,OFF-PA-10002751,Xerox 1920,2.691,1,West,31457,6,Consumer,2013-05-13 00:00:00.000,First Class,0.41,California,Paper,2013,North America,20
Office Supplies,Los Angeles,United States,DO-134354,Denny Ordway,0.0,US,1,2013-05-17 00:00:00.000,CA-2013-133144,Medium,OFF-PA-10004971,Xerox 196,8.4966,3,West,35241,17,Consumer,2013-05-22 00:00:00.000,Second Class,1.82,California,Paper,2013,North America,20
Office Supplies,Los Angeles,United States,LS-172454,Lynn Smith,0.0,US,1,2013-05-28 00:00:00.000,CA-2013-136994,Medium,OFF-PA-10000575,"Wirebound Message Books, Four 2 3/4 x 5 White Forms per Page",6.1548,2,West,39165,13,Consumer,2013-06-03 00:00:00.000,Standard Class,0.88,California,Paper,2013,North America,22
Office Supplies,Los Angeles,United States,CL-125654,Clay Ludtke,0.0,US,1,2013-05-29 00:00:00.000,CA-2013-134803,Low,OFF-PA-10003790,Xerox 1991,84.0512,8,West,34718,183,Consumer,2013-06-04 00:00:00.000,Standard Class,17.93,California,Paper,2013,North America,22
Office Supplies,Los Angeles,United States,OT-187304,Olvera Toch,0.0,US,1,2013-06-11 00:00:00.000,CA-2013-113243,Medium,OFF-PA-10003441,Xerox 226,15.552,5,West,31855,32,Consumer,2013-06-16 00:00:00.000,Standard Class,1.91,California,Paper,2013,North America,24
Office Supplies,Los Angeles,United States,BD-113204,Bill Donatelli,0.0,US,1,2013-06-17 00:00:00.000,CA-2013-148593,Medium,OFF-PA-10001776,"Wirebound Message Books, Four 2 3/4"" x 5"" Forms per Page, 600 Sets per Book",21.7845,5,West,35475,46,Consumer,2013-06-19 00:00:00.000,Second Class,1.14,California,Paper,2013,North America,25
Office Supplies,Los Angeles,United States,MV-181904,Mike Vittorini,0.0,US,1,2013-06-18 00:00:00.000,CA-2013-123512,Critical,OFF-PA-10001497,Xerox 1914,107.7216,4,West,37914,220,Consumer,2013-06-20 00:00:00.000,First Class,74.66,California,Paper,2013,North America,25
Office Supplies,Los Angeles,United States,GT-147554,Guy Thornton,0.0,US,1,2013-07-04 00:00:00.000,CA-2013-130029,High,OFF-PA-10000552,Xerox 200,6.2208,2,West,34861,13,Consumer,2013-07-07 00:00:00.000,First Class,1.62,California,Paper,2013,North America,27
Office Supplies,Los Angeles,United States,CC-123704,Christopher Conant,0.0,US,1,2013-07-08 00:00:00.000,CA-2013-135265,Critical,OFF-PA-10002923,Xerox 1942,24.47,1,West,35281,49,Consumer,2013-07-10 00:00:00.000,Second Class,10.36,California,Paper,2013,North America,28
Office Supplies,Los Angeles,United States,JM-155804,Jill Matthias,0.0,US,1,2013-08-15 00:00:00.000,CA-2013-136021,High,OFF-PA-10000551,Array Memo Cubes,7.6146,3,West,36676,16,Consumer,2013-08-19 00:00:00.000,Standard Class,2.15,California,Paper,2013,North America,33
Office Supplies,Los Angeles,United States,BD-113204,Bill Donatelli,0.0,US,1,2013-08-16 00:00:00.000,CA-2013-167241,Low,OFF-PA-10004911,"Rediform S.O.S. 1-Up Phone Message Bk, 4-1/4x3-1/16 Bk, 1 Form/Pg, 40 Messages/Bk, 3/Pk",18.0096,4,West,40194,38,Consumer,2013-08-23 00:00:00.000,Standard Class,4.05,California,Paper,2013,North America,33
Office Supplies,Los Angeles,United States,PS-187604,Pamela Stobb,0.0,US,1,2013-09-30 00:00:00.000,US-2013-101497,High,OFF-PA-10000176,Xerox 1887,9.1056,1,West,32979,19,Consumer,2013-10-02 00:00:00.000,Second Class,1.89,California,Paper,2013,North America,40
Office Supplies,Los Angeles,United States,CC-124754,Cindy Chapman,0.0,US,1,2013-10-08 00:00:00.000,CA-2013-155033,High,OFF-PA-10000143,Astroparche Fine Business Paper,5.0688,2,West,36300,11,Consumer,2013-10-13 00:00:00.000,Standard Class,1.61,California,Paper,2013,North America,41
Office Supplies,Los Angeles,United States,JE-157454,Joel Eaton,0.0,US,1,2013-10-09 00:00:00.000,US-2013-162026,Critical,OFF-PA-10000167,Xerox 1925,27.882,2,West,36803,62,Consumer,2013-10-09 00:00:00.000,Same Day,3.0,California,Paper,2013,North America,41
Office Supplies,Los Angeles,United States,XP-218654,Xylona Preis,0.0,US,1,2013-11-04 00:00:00.000,CA-2013-109365,Medium,OFF-PA-10004359,Multicolor Computer Printout Paper,150.984,3,West,35783,315,Consumer,2013-11-09 00:00:00.000,Standard Class,22.15,California,Paper,2013,North America,45
Office Supplies,Los Angeles,United States,XP-218654,Xylona Preis,0.0,US,1,2013-11-04 00:00:00.000,CA-2013-109365,Medium,OFF-PA-10001725,Xerox 1892,56.9772,3,West,35780,116,Consumer,2013-11-09 00:00:00.000,Standard Class,5.57,California,Paper,2013,North America,45
Office Supplies,Los Angeles,United States,XP-218654,Xylona Preis,0.0,US,1,2013-11-04 00:00:00.000,CA-2013-109365,Medium,OFF-PA-10000477,Xerox 22,9.3312,3,West,35782,19,Consumer,2013-11-09 00:00:00.000,Standard Class,1.3,California,Paper,2013,North America,45
Office Supplies,Los Angeles,United States,AI-108554,Arianne Irving,0.0,US,1,2013-11-11 00:00:00.000,CA-2013-158694,High,OFF-PA-10002421,Embossed Ink Jet Note Cards,32.5008,3,West,36338,68,Consumer,2013-11-14 00:00:00.000,Second Class,10.83,California,Paper,2013,North America,46
Office Supplies,Los Angeles,United States,AI-108554,Arianne Irving,0.0,US,1,2013-11-11 00:00:00.000,CA-2013-158694,High,OFF-PA-10001363,Xerox 1933,28.858,5,West,36341,61,Consumer,2013-11-14 00:00:00.000,Second Class,8.68,California,Paper,2013,North America,46
Office Supplies,Los Angeles,United States,SO-203354,Sean O'Donnell,0.0,US,1,2014-01-15 00:00:00.000,CA-2014-149076,Medium,OFF-PA-10000483,Xerox 19,69.705,5,West,38276,155,Consumer,2014-01-20 00:00:00.000,Standard Class,9.12,California,Paper,2014,North America,3
Office Supplies,Los Angeles,United States,CK-125954,Clytie Kelty,0.0,US,1,2014-02-24 00:00:00.000,CA-2014-104647,Medium,OFF-PA-10002870,"Ampad Phone Message Book, Recycled, 400 Message Capacity, 5 ¾” x 11”",16.848,6,West,33379,37,Consumer,2014-03-02 00:00:00.000,Standard Class,3.82,California,Paper,2014,North America,9
Office Supplies,Los Angeles,United States,PS-187604,Pamela Stobb,0.0,US,1,2014-04-18 00:00:00.000,CA-2014-128965,Medium,OFF-PA-10004911,"Rediform S.O.S. 1-Up Phone Message Bk, 4-1/4x3-1/16 Bk, 1 Form/Pg, 40 Messages/Bk, 3/Pk",13.5072,3,West,38154,28,Consumer,2014-04-23 00:00:00.000,Standard Class,2.84,California,Paper,2014,North America,16
Office Supplies,Los Angeles,United States,LL-168404,Lauren Leatherbury,0.0,US,1,2014-04-26 00:00:00.000,CA-2014-120222,Medium,OFF-PA-10004675,"Telephone Message Books with Fax/Mobile Section, 5 1/2"" x 3 3/16""",8.763,3,West,38184,19,Consumer,2014-05-03 00:00:00.000,Standard Class,1.52,California,Paper,2014,North America,17
Office Supplies,Los Angeles,United States,DD-135704,Dorothy Dickinson,0.0,US,1,2014-05-03 00:00:00.000,CA-2014-147844,Medium,OFF-PA-10003016,"Adams ""While You Were Out"" Message Pads",7.065,5,West,38689,16,Consumer,2014-05-07 00:00:00.000,Standard Class,0.93,California,Paper,2014,North America,18
Office Supplies,Los Angeles,United States,DD-135704,Dorothy Dickinson,0.0,US,1,2014-05-03 00:00:00.000,CA-2014-147844,Medium,OFF-PA-10002713,"Adams Phone Message Book, 200 Message Capacity, 8 1/16” x 11”",15.824,5,West,38691,34,Consumer,2014-05-07 00:00:00.000,Standard Class,2.54,California,Paper,2014,North America,18
Office Supplies,Los Angeles,United States,DV-134654,Dianna Vittorini,0.0,US,1,2014-06-12 00:00:00.000,US-2014-152002,Medium,OFF-PA-10000357,"White Dual Perf Computer Printout Paper, 2700 Sheets, 1 Part, Heavyweight, 20 lbs., 14 7/8 x 11",60.2553,3,West,32865,123,Consumer,2014-06-12 00:00:00.000,Same Day,23.65,California,Paper,2014,North America,24
Office Supplies,Los Angeles,United States,CC-126704,Craig Carreira,0.0,US,1,2014-06-19 00:00:00.000,CA-2014-112753,High,OFF-PA-10002036,Xerox 1930,19.0512,6,West,35793,39,Consumer,2014-06-24 00:00:00.000,Standard Class,4.89,California,Paper,2014,North America,25
Office Supplies,Los Angeles,United States,TT-212204,Thomas Thornton,0.0,US,1,2014-07-01 00:00:00.000,US-2014-113201,Medium,OFF-PA-10000675,Xerox 1919,100.4255,5,West,39414,205,Consumer,2014-07-06 00:00:00.000,Standard Class,14.98,California,Paper,2014,North America,27
Office Supplies,Los Angeles,United States,TB-215204,Tracy Blumstein,0.0,US,1,2014-07-24 00:00:00.000,CA-2014-133718,Critical,OFF-PA-10002689,Weyerhaeuser First Choice Laser/Copy Paper (20Lb. and 88 Bright),27.9936,9,West,40527,58,Consumer,2014-07-27 00:00:00.000,First Class,7.82,California,Paper,2014,North America,30
Office Supplies,Los Angeles,United States,KT-164804,Kean Thornton,0.0,US,1,2014-08-21 00:00:00.000,CA-2014-105326,Medium,OFF-PA-10001639,Xerox 203,12.4416,4,West,39039,26,Consumer,2014-08-28 00:00:00.000,Standard Class,1.27,California,Paper,2014,North America,34
Office Supplies,Los Angeles,United States,LC-170504,Liz Carlisle,0.0,US,1,2014-09-10 00:00:00.000,CA-2014-137498,Medium,OFF-PA-10000143,Astroparche Fine Business Paper,22.8096,9,West,36877,48,Consumer,2014-09-15 00:00:00.000,Second Class,5.29,California,Paper,2014,North America,37
Office Supplies,Los Angeles,United States,JM-158654,John Murray,0.0,US,1,2014-09-13 00:00:00.000,US-2014-109582,Medium,OFF-PA-10004071,"Eaton Premium Continuous-Feed Paper, 25% Cotton, Letter Size, White, 1000 Shts/Box",79.8912,3,West,36521,166,Consumer,2014-09-18 00:00:00.000,Second Class,11.1,California,Paper,2014,North America,37
Office Supplies,Los Angeles,United States,DB-136604,Duane Benoit,0.0,US,1,2014-09-24 00:00:00.000,CA-2014-121853,Medium,OFF-PA-10003641,Xerox 1909,97.0784,8,West,40620,211,Consumer,2014-09-30 00:00:00.000,Standard Class,15.64,California,Paper,2014,North America,39
Office Supplies,Los Angeles,United States,XP-218654,Xylona Preis,0.0,US,1,2014-10-10 00:00:00.000,US-2014-115595,Medium,OFF-PA-10001745,"Wirebound Message Books, 2 7/8"" x 5"", 3 Forms per Page",16.544,5,West,36555,35,Consumer,2014-10-12 00:00:00.000,First Class,7.79,California,Paper,2014,North America,41
Office Supplies,Los Angeles,United States,GA-147254,Guy Armstrong,0.0,US,1,2014-11-12 00:00:00.000,CA-2014-110842,Medium,OFF-PA-10000520,Xerox 201,9.3312,3,West,34133,19,Consumer,2014-11-17 00:00:00.000,Standard Class,1.43,California,Paper,2014,North America,46
Office Supplies,Los Angeles,United States,EP-139154,Emily Phan,0.0,US,1,2014-11-13 00:00:00.000,US-2014-125808,High,OFF-PA-10001846,Xerox 1899,5.6644,2,West,40935,12,Consumer,2014-11-16 00:00:00.000,Second Class,1.71,California,Paper,2014,North America,46
Office Supplies,Los Angeles,United States,CC-125504,Clay Cheatham,0.0,US,1,2014-12-02 00:00:00.000,CA-2014-118542,Medium,OFF-PA-10004735,Xerox 1905,21.7728,7,West,34853,45,Consumer,2014-12-06 00:00:00.000,Standard Class,3.56,California,Paper,2014,North America,49
Office Supplies,Los Angeles,United States,EP-139154,Emily Phan,0.0,US,1,2014-12-19 00:00:00.000,CA-2014-102099,Medium,OFF-PA-10003172,Xerox 1996,6.2208,2,West,34184,13,Consumer,2014-12-20 00:00:00.000,First Class,0.94,California,Paper,2014,North America,51
Office Supplies,Los Angeles,United States,EP-139154,Emily Phan,0.0,US,1,2014-12-19 00:00:00.000,CA-2014-102099,Medium,OFF-PA-10000289,Xerox 213,15.552,5,West,34185,32,Consumer,2014-12-20 00:00:00.000,First Class,1.09,California,Paper,2014,North America,51
Office Supplies,Los Angeles,United States,SR-207404,Steven Roelle,0.0,US,1,2011-02-21 00:00:00.000,CA-2011-164903,High,OFF-PA-10003363,Xerox 204,6.2208,2,West,39800,13,Home Office,2011-02-25 00:00:00.000,Standard Class,1.14,California,Paper,2011,North America,9
Office Supplies,Los Angeles,United States,AY-105554,Andy Yotov,0.0,US,1,2011-04-06 00:00:00.000,CA-2011-102652,Medium,OFF-PA-10001977,Xerox 194,26.6304,1,West,37315,55,Corporate,2011-04-12 00:00:00.000,Standard Class,2.28,California,Paper,2011,North America,15
Office Supplies,Los Angeles,United States,AY-105554,Andy Yotov,0.0,US,1,2011-04-06 00:00:00.000,CA-2011-102652,Medium,OFF-PA-10003309,Xerox 211,9.3312,3,West,37314,19,Corporate,2011-04-12 00:00:00.000,Standard Class,2.11,California,Paper,2011,North America,15
Office Supplies,Los Angeles,United States,AH-100304,Aaron Hawkins,0.0,US,1,2011-05-13 00:00:00.000,CA-2011-113768,Medium,OFF-PA-10003063,EcoTones Memo Sheets,3.84,2,West,36652,8,Corporate,2011-05-19 00:00:00.000,Standard Class,0.15,California,Paper,2011,North America,20
Office Supplies,Los Angeles,United States,VF-217154,Vicky Freymann,0.0,US,1,2011-07-25 00:00:00.000,CA-2011-146528,High,OFF-PA-10002195,Xerox 1966,3.1752,1,West,34943,6,Home Office,2011-07-27 00:00:00.000,Second Class,0.79,California,Paper,2011,North America,31
Office Supplies,Los Angeles,United States,JM-152654,Janet Molinari,0.0,US,1,2011-08-25 00:00:00.000,CA-2011-104178,High,OFF-PA-10004983,Xerox 23,12.4416,4,West,37242,26,Corporate,2011-08-29 00:00:00.000,Standard Class,3.11,California,Paper,2011,North America,35
Office Supplies,Los Angeles,United States,GG-146504,Greg Guthrie,0.0,US,1,2011-10-31 00:00:00.000,CA-2011-106439,High,OFF-PA-10000477,Xerox 1952,30.4278,13,West,33359,65,Corporate,2011-11-04 00:00:00.000,Standard Class,6.72,California,Paper,2011,North America,45
Office Supplies,Los Angeles,United States,PL-189254,Paul Lucas,0.0,US,1,2011-11-01 00:00:00.000,CA-2011-168305,Medium,OFF-PA-10004947,Staples,9.63,5,West,37193,21,Home Office,2011-11-08 00:00:00.000,Standard Class,0.92,California,Paper,2011,North America,45
Office Supplies,Los Angeles,United States,MA-175604,Matt Abelman,0.0,US,1,2011-11-11 00:00:00.000,CA-2011-140732,High,OFF-PA-10003625,Xerox 1979,55.764,4,West,37260,124,Home Office,2011-11-13 00:00:00.000,Second Class,27.69,California,Paper,2011,North America,46
Office Supplies,Los Angeles,United States,MC-181304,Mike Caudle,0.0,US,1,2012-03-19 00:00:00.000,CA-2012-163104,Medium,OFF-PA-10001947,Xerox 1974,5.8604,2,West,35831,12,Corporate,2012-03-26 00:00:00.000,Standard Class,1.2,California,Paper,2012,North America,12
Office Supplies,Los Angeles,United States,AM-103604,Alice McCarthy,0.0,US,1,2012-03-23 00:00:00.000,US-2012-107944,High,OFF-PA-10000659,"TOPS Carbonless Receipt Book, Four 2-3/4 x 7-1/4 Money Receipts per Page",92.5056,11,West,40176,193,Corporate,2012-03-25 00:00:00.000,First Class,27.31,California,Paper,2012,North America,12
Office Supplies,Los Angeles,United States,BP-110954,Bart Pistole,0.0,US,1,2012-03-23 00:00:00.000,CA-2012-138219,Medium,OFF-PA-10000380,"REDIFORM Incoming/Outgoing Call Register, 11"" X 8 1/2"", 100 Messages",16.68,4,West,39263,33,Corporate,2012-03-30 00:00:00.000,Standard Class,2.16,California,Paper,2012,North America,12
Office Supplies,Los Angeles,United States,DE-132554,Deanra Eno,0.0,US,1,2012-04-18 00:00:00.000,CA-2012-142601,Medium,OFF-PA-10000483,Xerox 19,27.882,2,West,36017,62,Home Office,2012-04-20 00:00:00.000,Second Class,8.38,California,Paper,2012,North America,16
Office Supplies,Los Angeles,United States,AJ-107804,Anthony Jacobs,0.0,US,1,2012-05-18 00:00:00.000,CA-2012-165554,Medium,OFF-PA-10003724,"Wirebound Message Book, 4 per Page",5.3214,2,West,40347,11,Corporate,2012-05-22 00:00:00.000,Standard Class,1.0,California,Paper,2012,North America,20
Office Supplies,Los Angeles,United States,CG-120404,Catherine Glotzbach,0.0,US,1,2012-06-01 00:00:00.000,CA-2012-161242,Medium,OFF-PA-10001838,"Adams Telephone Message Book W/Dividers/Space For Phone Numbers, 5 1/4""X8 1/2"", 300/Messages",5.7624,2,West,40861,12,Home Office,2012-06-08 00:00:00.000,Standard Class,0.82,California,Paper,2012,North America,22
Office Supplies,Los Angeles,United States,MO-178004,Meg O'Connel,0.0,US,1,2012-09-17 00:00:00.000,CA-2012-133025,Critical,OFF-PA-10004100,Xerox 216,15.552,5,West,32312,32,Home Office,2012-09-19 00:00:00.000,Second Class,7.02,California,Paper,2012,North America,38
Office Supplies,Los Angeles,United States,RW-195404,Rick Wilson,0.0,US,1,2012-09-19 00:00:00.000,CA-2012-132815,High,OFF-PA-10004530,Personal Creations Ink Jet Cards and Labels,11.2504,2,West,37465,23,Corporate,2012-09-22 00:00:00.000,Second Class,3.62,California,Paper,2012,North America,38
Office Supplies,Los Angeles,United States,YC-218954,Yoseph Carroll,0.0,US,1,2012-11-12 00:00:00.000,CA-2012-153220,High,OFF-PA-10003016,"Adams ""While You Were Out"" Message Pads",7.065,5,West,33985,16,Corporate,2012-11-14 00:00:00.000,First Class,3.41,California,Paper,2012,North America,46
Office Supplies,Los Angeles,United States,SN-207104,Steve Nguyen,0.0,US,1,2012-11-27 00:00:00.000,CA-2012-125234,Medium,OFF-PA-10000482,"Snap-A-Way Black Print Carbonless Ruled Speed Letter, Triplicate",53.4954,3,West,35635,114,Home Office,2012-12-01 00:00:00.000,Standard Class,9.19,California,Paper,2012,North America,48
Office Supplies,Los Angeles,United States,DB-129703,Darren Budd,0.0,US,1,2012-12-14 00:00:00.000,CA-2012-141593,High,OFF-PA-10004983,Xerox 23,3.1104,1,West,41250,6,Corporate,2012-12-16 00:00:00.000,Second Class,1.31,California,Paper,2012,North America,50
Office Supplies,Los Angeles,United States,SM-203204,Sean Miller,0.0,US,1,2012-12-25 00:00:00.000,CA-2012-144890,Medium,OFF-PA-10001526,Xerox 1949,4.8804,2,West,39150,10,Home Office,2012-12-29 00:00:00.000,Standard Class,0.22,California,Paper,2012,North America,52
Office Supplies,Los Angeles,United States,SC-200504,Sample Company A,0.0,US,1,2013-01-31 00:00:00.000,CA-2013-129238,Medium,OFF-PA-10002764,Staples,27.783,5,West,36296,57,Home Office,2013-02-04 00:00:00.000,Standard Class,4.73,California,Paper,2013,North America,5
Office Supplies,Los Angeles,United States,SM-209504,Suzanne McNair,0.0,US,1,2013-02-01 00:00:00.000,CA-2013-154067,Medium,OFF-PA-10002254,Xerox 1883,48.5392,4,West,39700,106,Corporate,2013-02-07 00:00:00.000,Standard Class,8.11,California,Paper,2013,North America,5
Office Supplies,Los Angeles,United States,RD-198104,Ross DeVincentis,0.0,US,1,2013-02-13 00:00:00.000,CA-2013-112942,Medium,OFF-PA-10004092,Tops Green Bar Computer Printout Paper,73.41,3,West,32017,147,Home Office,2013-02-18 00:00:00.000,Standard Class,8.08,California,Paper,2013,North America,7
Office Supplies,Los Angeles,United States,KF-162854,Karen Ferguson,0.0,US,1,2013-03-11 00:00:00.000,CA-2013-159016,High,OFF-PA-10004405,Rediform Voice Mail Log Books,7.152,5,West,37310,15,Home Office,2013-03-12 00:00:00.000,First Class,2.67,California,Paper,2013,North America,11
Office Supplies,Los Angeles,United States,RS-194204,Ricardo Sperren,0.0,US,1,2013-05-10 00:00:00.000,US-2013-159093,Medium,OFF-PA-10001260,"TOPS Money Receipt Book, Consecutively Numbered in Red,",14.418,4,West,38143,32,Corporate,2013-05-15 00:00:00.000,Standard Class,1.48,California,Paper,2013,North America,19
Office Supplies,Los Angeles,United States,NL-183104,Nancy Lomonaco,0.0,US,1,2013-05-31 00:00:00.000,CA-2013-147473,Medium,OFF-PA-10004782,Xerox 228,18.6624,6,West,38363,39,Home Office,2013-06-04 00:00:00.000,Standard Class,2.81,California,Paper,2013,North America,22
Office Supplies,Los Angeles,United States,RB-197954,Ross Baird,0.0,US,1,2013-06-07 00:00:00.000,US-2013-155971,Medium,OFF-PA-10000210,Xerox Blank Computer Paper,46.953,5,West,40417,100,Home Office,2013-06-13 00:00:00.000,Standard Class,4.9,California,Paper,2013,North America,23
Office Supplies,Los Angeles,United States,AH-100754,Adam Hart,0.0,US,1,2013-06-27 00:00:00.000,CA-2013-144015,Critical,OFF-PA-10002870,"Ampad Phone Message Book, Recycled, 400 Message Capacity, 5 ¾” x 11”",5.616,2,West,39985,12,Corporate,2013-06-27 00:00:00.000,Same Day,2.73,California,Paper,2013,North America,26
Office Supplies,Los Angeles,United States,SC-202304,Scot Coram,0.0,US,1,2013-08-22 00:00:00.000,US-2013-126452,Low,OFF-PA-10002606,Xerox 1928,21.384,9,West,38167,48,Corporate,2013-08-29 00:00:00.000,Standard Class,3.43,California,Paper,2013,North America,34
Office Supplies,Los Angeles,United States,SC-202304,Scot Coram,0.0,US,1,2013-08-22 00:00:00.000,US-2013-126452,Low,OFF-PA-10003848,Xerox 1997,6.2208,2,West,38166,13,Corporate,2013-08-29 00:00:00.000,Standard Class,1.16,California,Paper,2013,North America,34
Office Supplies,Los Angeles,United States,JS-156854,Jim Sink,0.0,US,1,2013-09-18 00:00:00.000,CA-2013-109806,Medium,OFF-PA-10000304,Xerox 1995,3.1104,1,West,31388,6,Corporate,2013-09-23 00:00:00.000,Standard Class,0.52,California,Paper,2013,North America,38
Office Supplies,Los Angeles,United States,LA-167804,Laura Armstrong,0.0,US,1,2013-09-25 00:00:00.000,CA-2013-155187,Medium,OFF-PA-10000380,"REDIFORM Incoming/Outgoing Call Register, 11"" X 8 1/2"", 100 Messages",20.85,5,West,33628,42,Corporate,2013-09-27 00:00:00.000,Second Class,5.31,California,Paper,2013,North America,39
Office Supplies,Los Angeles,United States,CW-119054,Carl Weiss,0.0,US,1,2013-11-05 00:00:00.000,CA-2013-119018,High,OFF-PA-10000295,Xerox 229,18.6624,6,West,38071,39,Home Office,2013-11-09 00:00:00.000,Standard Class,6.66,California,Paper,2013,North America,45
Office Supplies,Los Angeles,United States,TH-212354,Tiffany House,0.0,US,1,2013-11-22 00:00:00.000,CA-2013-152646,Medium,OFF-PA-10004451,Xerox 222,15.552,5,West,40512,32,Corporate,2013-11-27 00:00:00.000,Standard Class,1.97,California,Paper,2013,North America,47
Office Supplies,Los Angeles,United States,AP-107204,Anne Pryor,0.0,US,1,2013-12-07 00:00:00.000,US-2013-103674,Medium,OFF-PA-10000743,Xerox 1977,6.4128,2,West,41272,13,Home Office,2013-12-11 00:00:00.000,Standard Class,0.8,California,Paper,2013,North America,49
Office Supplies,Los Angeles,United States,HG-149654,Henry Goldwyn,0.0,US,1,2013-12-19 00:00:00.000,CA-2013-145919,High,OFF-PA-10003072,"Eureka Recycled Copy Paper 8 1/2"" x 11"", Ream",18.6624,6,West,32611,39,Corporate,2013-12-24 00:00:00.000,Standard Class,5.02,California,Paper,2013,North America,51
Office Supplies,Los Angeles,United States,GK-146204,Grace Kelly,0.0,US,1,2013-12-26 00:00:00.000,US-2013-116729,Medium,OFF-PA-10002005,Xerox 225,21.7728,7,West,33103,45,Corporate,2013-12-29 00:00:00.000,First Class,1.33,California,Paper,2013,North America,52
Office Supplies,Los Angeles,United States,BT-115304,Bradley Talbott,0.0,US,1,2014-02-27 00:00:00.000,CA-2014-117212,Medium,OFF-PA-10001970,Xerox 1908,109.7208,4,West,32488,224,Home Office,2014-03-01 00:00:00.000,Second Class,17.93,California,Paper,2014,North America,9
Office Supplies,Los Angeles,United States,BT-115304,Bradley Talbott,0.0,US,1,2014-02-27 00:00:00.000,CA-2014-117212,Medium,OFF-PA-10000682,Xerox 1924,11.3288,4,West,32489,23,Home Office,2014-03-01 00:00:00.000,Second Class,2.6,California,Paper,2014,North America,9
Office Supplies,Los Angeles,United States,NS-186404,Noel Staavos,0.0,US,1,2014-04-16 00:00:00.000,CA-2014-134635,Critical,OFF-PA-10002254,Xerox 1883,36.4044,3,West,36514,79,Corporate,2014-04-18 00:00:00.000,Second Class,17.5,California,Paper,2014,North America,16
Office Supplies,Los Angeles,United States,SM-209504,Suzanne McNair,0.0,US,1,2014-05-31 00:00:00.000,CA-2014-120614,Medium,OFF-PA-10004911,"Rediform S.O.S. 1-Up Phone Message Bk, 4-1/4x3-1/16 Bk, 1 Form/Pg, 40 Messages/Bk, 3/Pk",18.0096,4,West,40107,38,Corporate,2014-06-05 00:00:00.000,Standard Class,1.63,California,Paper,2014,North America,22
Office Supplies,Los Angeles,United States,SS-201404,Saphhira Shifley,0.0,US,1,2014-06-04 00:00:00.000,CA-2014-145772,High,OFF-PA-10001593,Xerox 1947,5.382,2,West,37422,12,Corporate,2014-06-08 00:00:00.000,Standard Class,1.4,California,Paper,2014,North America,23
Office Supplies,Los Angeles,United States,RS-197654,Roland Schwarz,0.0,US,1,2014-10-16 00:00:00.000,CA-2014-113670,Critical,OFF-PA-10000675,Xerox 1919,100.4255,5,West,35008,205,Corporate,2014-10-18 00:00:00.000,First Class,35.32,California,Paper,2014,North America,42
Office Supplies,Los Angeles,United States,AM-103604,Alice McCarthy,0.0,US,1,2014-12-03 00:00:00.000,CA-2014-109701,High,OFF-PA-10003724,"Wirebound Message Book, 4 per Page",5.3214,2,West,33647,11,Corporate,2014-12-04 00:00:00.000,Same Day,1.77,California,Paper,2014,North America,49
Office Supplies,Los Angeles,United States,CS-122504,Chris Selesnick,0.0,US,1,2014-12-05 00:00:00.000,CA-2014-153227,High,OFF-PA-10001838,"Adams Telephone Message Book W/Dividers/Space For Phone Numbers, 5 1/4""X8 1/2"", 300/Messages",5.7624,2,West,39687,12,Corporate,2014-12-07 00:00:00.000,First Class,2.14,California,Paper,2014,North America,49
Office Supplies,Los Angeles,United States,RB-194654,Rick Bensley,0.0,US,1,2014-12-17 00:00:00.000,CA-2014-161578,High,OFF-PA-10002986,Xerox 1898,6.4128,2,West,37848,13,Home Office,2014-12-22 00:00:00.000,Second Class,1.23,California,Paper,2014,North America,51
Office Supplies,Los Angeles,United States,FH-142754,Frank Hawley,0.0,US,1,2011-04-06 00:00:00.000,CA-2011-153808,High,OFF-AR-10001725,Boston Home & Office Model 2000 Electric Pencil Sharpeners,18.447,3,West,40135,71,Corporate,2011-04-10 00:00:00.000,Second Class,8.74,California,Art,2011,North America,15
Office Supplies,Los Angeles,United States,JL-158354,John Lee,0.0,US,1,2011-04-18 00:00:00.000,CA-2011-110849,High,OFF-AR-10000657,"Binney & Smith inkTank Desk Highlighter, Chisel Tip, Yellow, 12/Box",3.5475,5,West,34831,11,Consumer,2011-04-23 00:00:00.000,Standard Class,1.79,California,Art,2011,North America,17
Office Supplies,Los Angeles,United States,JL-158354,John Lee,0.0,US,1,2011-04-18 00:00:00.000,CA-2011-110849,High,OFF-AR-10002375,Newell 351,3.8048,4,West,34830,13,Consumer,2011-04-23 00:00:00.000,Standard Class,0.6,California,Art,2011,North America,17
Office Supplies,Los Angeles,United States,MH-172904,Marc Harrigan,0.0,US,1,2011-04-26 00:00:00.000,CA-2011-116785,High,OFF-AR-10003504,Newell 347,6.206,5,West,38493,21,Home Office,2011-04-30 00:00:00.000,Standard Class,3.37,California,Art,2011,North America,18
Office Supplies,Los Angeles,United States,SN-207104,Steve Nguyen,0.0,US,1,2011-05-06 00:00:00.000,US-2011-154879,Medium,OFF-AR-10001897,Model L Table or Wall-Mount Pencil Sharpener,30.2232,6,West,35707,108,Home Office,2011-05-11 00:00:00.000,Standard Class,10.88,California,Art,2011,North America,19
Office Supplies,Los Angeles,United States,BH-117104,Brosina Hoffman,0.0,US,1,2011-06-09 00:00:00.000,CA-2011-115812,Medium,OFF-AR-10002833,Newell 322,1.9656,4,West,31303,7,Consumer,2011-06-14 00:00:00.000,Standard Class,0.49,California,Art,2011,North America,24
Office Supplies,Los Angeles,United States,FM-142154,Filia McAdams,0.0,US,1,2011-06-13 00:00:00.000,CA-2011-114643,High,OFF-AR-10003631,Staples,4.7916,3,West,33152,15,Corporate,2011-06-17 00:00:00.000,Standard Class,2.33,California,Art,2011,North America,25
Office Supplies,Los Angeles,United States,AR-108254,Anthony Rawles,0.0,US,1,2011-06-30 00:00:00.000,CA-2011-109218,Medium,OFF-AR-10001374,"BIC Brite Liner Highlighters, Chisel Tip",10.368,5,West,34444,32,Corporate,2011-07-03 00:00:00.000,Second Class,1.53,California,Art,2011,North America,27
Office Supplies,Los Angeles,United States,AB-102554,Alejandro Ballentine,0.0,US,1,2011-07-22 00:00:00.000,CA-2011-122679,Medium,OFF-AR-10004757,Crayola Colored Pencils,6.4944,6,West,40780,20,Home Office,2011-07-28 00:00:00.000,Standard Class,1.37,California,Art,2011,North America,30
Office Supplies,Los Angeles,United States,GG-146504,Greg Guthrie,0.0,US,1,2011-10-31 00:00:00.000,CA-2011-106439,High,OFF-AR-10001419,Newell 325,3.717,3,West,33364,12,Corporate,2011-11-04 00:00:00.000,Standard Class,1.78,California,Art,2011,North America,45
Office Supplies,Los Angeles,United States,TC-215354,Tracy Collins,0.0,US,1,2011-11-03 00:00:00.000,CA-2011-153619,Critical,OFF-AR-10001868,Prang Dustless Chalk Sticks,3.36,4,West,40525,7,Home Office,2011-11-03 00:00:00.000,Same Day,1.6,California,Art,2011,North America,45
Office Supplies,Los Angeles,United States,AP-109154,Arthur Prichep,0.0,US,1,2011-11-11 00:00:00.000,CA-2011-105270,Low,OFF-AR-10003156,50 Colored Long Pencils,7.9248,3,West,37075,30,Consumer,2011-11-18 00:00:00.000,Standard Class,4.02,California,Art,2011,North America,46
Office Supplies,Los Angeles,United States,RB-194354,Richard Bierner,0.0,US,1,2011-11-25 00:00:00.000,US-2011-144078,Medium,OFF-AR-10004707,Staples,2.604,3,West,38919,7,Consumer,2011-11-29 00:00:00.000,Standard Class,0.62,California,Art,2011,North America,48
Office Supplies,Los Angeles,United States,RL-196154,Rob Lucas,0.0,US,1,2011-12-05 00:00:00.000,CA-2011-133830,Medium,OFF-AR-10003045,Prang Colored Pencils,11.907,9,West,38865,26,Consumer,2011-12-10 00:00:00.000,Standard Class,1.45,California,Art,2011,North America,50
Office Supplies,Los Angeles,United States,FP-143204,Frank Preis,0.0,US,1,2011-12-07 00:00:00.000,CA-2011-138737,Medium,OFF-AR-10003190,Newell 32,2.4192,3,West,38533,9,Consumer,2011-12-10 00:00:00.000,First Class,0.71,California,Art,2011,North America,50
Office Supplies,Los Angeles,United States,MC-178454,Michael Chen,0.0,US,1,2011-12-20 00:00:00.000,CA-2011-156594,High,OFF-AR-10001725,Boston Home & Office Model 2000 Electric Pencil Sharpeners,12.298,2,West,34940,47,Consumer,2011-12-23 00:00:00.000,Second Class,6.7,California,Art,2011,North America,52
Office Supplies,Los Angeles,United States,MC-178454,Michael Chen,0.0,US,1,2011-12-20 00:00:00.000,CA-2011-156594,High,OFF-AR-10004269,Newell 31,1.1564,1,West,34941,4,Consumer,2011-12-23 00:00:00.000,Second Class,0.68,California,Art,2011,North America,52
Office Supplies,Los Angeles,United States,AZ-107504,Annie Zypern,0.0,US,1,2012-04-22 00:00:00.000,CA-2012-151253,High,OFF-AR-10004691,Boston 1730 StandUp Electric Pencil Sharpener,16.6764,3,West,37590,64,Consumer,2012-04-26 00:00:00.000,Standard Class,7.61,California,Art,2012,North America,17
Office Supplies,Los Angeles,United States,AB-101654,Alan Barnes,0.0,US,1,2012-06-25 00:00:00.000,CA-2012-115945,Medium,OFF-AR-10004062,Staples,5.24,2,West,35611,21,Consumer,2012-07-01 00:00:00.000,Standard Class,1.56,California,Art,2012,North America,26
Office Supplies,Los Angeles,United States,PC-190004,Pauline Chand,0.0,US,1,2012-08-01 00:00:00.000,CA-2012-153388,Medium,OFF-AR-10001868,Prang Dustless Chalk Sticks,3.36,4,West,32801,7,Home Office,2012-08-07 00:00:00.000,Standard Class,0.33,California,Art,2012,North America,31
Office Supplies,Los Angeles,United States,GB-145304,George Bell,0.0,US,1,2012-09-18 00:00:00.000,CA-2012-167745,Medium,OFF-AR-10003602,"Quartet Omega Colored Chalk, 12/Pack",5.4896,2,West,35055,12,Corporate,2012-09-23 00:00:00.000,Standard Class,0.91,California,Art,2012,North America,38
Office Supplies,Los Angeles,United States,SN-205604,Skye Norling,0.0,US,1,2012-11-20 00:00:00.000,CA-2012-144652,Medium,OFF-AR-10003732,Newell 333,5.0596,7,West,32367,19,Home Office,2012-11-26 00:00:00.000,Standard Class,1.07,California,Art,2012,North America,47
Office Supplies,Los Angeles,United States,DP-130004,Darren Powers,0.0,US,1,2012-11-24 00:00:00.000,CA-2012-105347,Medium,OFF-AR-10003045,Prang Colored Pencils,6.615,5,West,33075,15,Consumer,2012-11-28 00:00:00.000,Standard Class,0.76,California,Art,2012,North America,47
Office Supplies,Los Angeles,United States,FC-142454,Frank Carlisle,0.0,US,1,2012-12-10 00:00:00.000,CA-2012-115693,Medium,OFF-AR-10003582,"Boston Electric Pencil Sharpener, Model 1818, Charcoal Black",15.764,2,West,37657,56,Home Office,2012-12-15 00:00:00.000,Standard Class,4.99,California,Art,2012,North America,50
Office Supplies,Los Angeles,United States,PG-188954,Paul Gonzalez,0.0,US,1,2012-12-17 00:00:00.000,CA-2012-134117,Critical,OFF-AR-10003903,Sanford 52201 APSCO Electric Pencil Sharpener,53.261,5,West,40233,205,Consumer,2012-12-19 00:00:00.000,Second Class,72.45,California,Art,2012,North America,51
Office Supplies,Los Angeles,United States,PG-188954,Paul Gonzalez,0.0,US,1,2012-12-17 00:00:00.000,CA-2012-134117,Critical,OFF-AR-10001940,"Sanford Colorific Eraseable Coloring Pencils, 12 Count",7.052,5,West,40235,16,Consumer,2012-12-19 00:00:00.000,Second Class,2.73,California,Art,2012,North America,51
Office Supplies,Los Angeles,United States,HG-149654,Henry Goldwyn,0.0,US,1,2013-01-28 00:00:00.000,CA-2013-146437,Medium,OFF-AR-10000588,Newell 345,10.3168,2,West,39909,40,Corporate,2013-02-01 00:00:00.000,Second Class,3.91,California,Art,2013,North America,5
Office Supplies,Los Angeles,United States,JO-152804,Jas O'Carroll,0.0,US,1,2013-04-20 00:00:00.000,US-2013-115819,Medium,OFF-AR-10000823,Newell 307,1.5288,3,West,32902,5,Consumer,2013-04-25 00:00:00.000,Second Class,0.41,California,Art,2013,North America,16
Office Supplies,Los Angeles,United States,JO-152804,Jas O'Carroll,0.0,US,1,2013-04-20 00:00:00.000,US-2013-115819,Medium,OFF-AR-10004456,Panasonic KP-4ABK Battery-Operated Pencil Sharpener,21.228,5,West,32903,73,Consumer,2013-04-25 00:00:00.000,Second Class,7.83,California,Art,2013,North America,16
Office Supplies,Los Angeles,United States,PW-190304,Pauline Webber,0.0,US,1,2013-08-23 00:00:00.000,CA-2013-140256,Low,OFF-AR-10002255,Newell 346,1.6704,2,West,40913,6,Corporate,2013-08-30 00:00:00.000,Standard Class,0.52,California,Art,2013,North America,34
Office Supplies,Los Angeles,United States,TS-214304,Tom Stivers,0.0,US,1,2013-08-27 00:00:00.000,US-2013-100405,Critical,OFF-AR-10000390,Newell Chalk Holder,3.7996,2,West,35880,8,Corporate,2013-08-29 00:00:00.000,Second Class,2.99,California,Art,2013,North America,35
Office Supplies,Los Angeles,United States,LR-169154,Lena Radford,0.0,US,1,2013-09-03 00:00:00.000,CA-2013-126732,Medium,OFF-AR-10004752,Blackstonian Pencils,5.2332,7,West,40532,19,Consumer,2013-09-07 00:00:00.000,Standard Class,1.73,California,Art,2013,North America,36
Office Supplies,Los Angeles,United States,JS-156854,Jim Sink,0.0,US,1,2013-09-18 00:00:00.000,CA-2013-109806,Medium,OFF-AR-10004930,Turquoise Lead Holder with Pocket Clip,6.633,3,West,31386,20,Corporate,2013-09-23 00:00:00.000,Standard Class,1.44,California,Art,2013,North America,38
Office Supplies,Los Angeles,United States,CS-119504,Carlos Soltero,0.0,US,1,2013-10-22 00:00:00.000,CA-2013-161746,Medium,OFF-AR-10000390,Newell Chalk Holder,5.6994,3,West,41004,12,Consumer,2013-10-28 00:00:00.000,Standard Class,0.09,California,Art,2013,North America,43
Office Supplies,Los Angeles,United States,AI-108554,Arianne Irving,0.0,US,1,2013-11-11 00:00:00.000,CA-2013-158694,High,OFF-AR-10001227,Newell 338,3.969,5,West,36344,15,Consumer,2013-11-14 00:00:00.000,Second Class,1.23,California,Art,2013,North America,46
Office Supplies,Los Angeles,United States,TB-212504,Tim Brockman,0.0,US,1,2013-11-15 00:00:00.000,US-2013-112970,Critical,OFF-AR-10003829,Newell 35,2.8536,3,West,37326,10,Consumer,2013-11-16 00:00:00.000,First Class,2.71,California,Art,2013,North America,46
Office Supplies,Los Angeles,United States,MS-173654,Maribeth Schnelling,0.0,US,1,2013-11-27 00:00:00.000,CA-2013-107104,Medium,OFF-AR-10004269,Newell 31,10.4076,9,West,40947,37,Consumer,2013-12-01 00:00:00.000,Standard Class,1.58,California,Art,2013,North America,48
Office Supplies,Los Angeles,United States,FH-143654,Fred Hopkins,0.0,US,1,2013-12-02 00:00:00.000,CA-2013-104689,High,OFF-AR-10001149,"Sanford Colorific Colored Pencils, 12/Box",6.912,8,West,40501,23,Corporate,2013-12-06 00:00:00.000,Standard Class,1.32,California,Art,2013,North America,49
Office Supplies,Los Angeles,United States,AP-107204,Anne Pryor,0.0,US,1,2013-12-07 00:00:00.000,US-2013-103674,Medium,OFF-AR-10004752,Blackstonian Pencils,5.2332,7,West,41271,19,Home Office,2013-12-11 00:00:00.000,Standard Class,1.6,California,Art,2013,North America,49
Office Supplies,Los Angeles,United States,MC-181304,Mike Caudle,0.0,US,1,2013-12-27 00:00:00.000,CA-2013-129868,Medium,OFF-AR-10001897,Model L Table or Wall-Mount Pencil Sharpener,15.1116,3,West,35892,54,Corporate,2014-01-01 00:00:00.000,Standard Class,2.39,California,Art,2013,North America,52
Office Supplies,Los Angeles,United States,TT-214604,Tonja Turnell,0.0,US,1,2014-01-16 00:00:00.000,CA-2014-160934,High,OFF-AR-10003504,Newell 347,6.206,5,West,36364,21,Home Office,2014-01-20 00:00:00.000,Standard Class,2.0,California,Art,2014,North America,3
Office Supplies,Los Angeles,United States,ED-138854,Emily Ducich,0.0,US,1,2014-02-20 00:00:00.000,CA-2014-134838,High,OFF-AR-10000634,Newell 320,3.4668,3,West,35259,13,Home Office,2014-02-21 00:00:00.000,First Class,0.83,California,Art,2014,North America,8
Office Supplies,Los Angeles,United States,SP-208604,Sung Pak,0.0,US,1,2014-03-05 00:00:00.000,CA-2014-110478,Medium,OFF-AR-10001573,American Pencil,2.7028,4,West,31716,9,Corporate,2014-03-10 00:00:00.000,Standard Class,0.7,California,Art,2014,North America,10
Office Supplies,Los Angeles,United States,BP-110504,Barry Pond,0.0,US,1,2014-03-19 00:00:00.000,CA-2014-143084,Medium,OFF-AR-10002766,Prang Drawing Pencil Set,3.753,5,West,40310,14,Corporate,2014-03-23 00:00:00.000,Standard Class,0.56,California,Art,2014,North America,12
Office Supplies,Los Angeles,United States,TB-214004,Tom Boeckenhauer,0.0,US,1,2014-03-31 00:00:00.000,US-2014-120117,High,OFF-AR-10000817,Manco Dry-Lighter Erasable Highlighter,2.0672,2,West,38799,6,Consumer,2014-03-31 00:00:00.000,Same Day,0.38,California,Art,2014,North America,14
Office Supplies,Los Angeles,United States,AP-109154,Arthur Prichep,0.0,US,1,2014-04-28 00:00:00.000,CA-2014-168228,High,OFF-AR-10001725,Boston Home & Office Model 2000 Electric Pencil Sharpeners,12.298,2,West,35935,47,Consumer,2014-04-30 00:00:00.000,First Class,10.4,California,Art,2014,North America,18
Office Supplies,Los Angeles,United States,AP-109154,Arthur Prichep,0.0,US,1,2014-04-28 00:00:00.000,CA-2014-168228,High,OFF-AR-10003373,"Boston School Pro Electric Pencil Sharpener, 1670",33.4584,4,West,35933,124,Consumer,2014-04-30 00:00:00.000,First Class,18.3,California,Art,2014,North America,18
Office Supplies,Los Angeles,United States,AP-109154,Arthur Prichep,0.0,US,1,2014-04-28 00:00:00.000,CA-2014-168228,High,OFF-AR-10000390,Newell Chalk Holder,5.6994,3,West,35934,12,Consumer,2014-04-30 00:00:00.000,First Class,2.53,California,Art,2014,North America,18
Office Supplies,Los Angeles,United States,EA-140354,Erin Ashbrook,0.0,US,1,2014-05-01 00:00:00.000,CA-2014-154501,Medium,OFF-AR-10002804,Faber Castell Col-Erase Pencils,4.0098,2,West,36822,10,Corporate,2014-05-06 00:00:00.000,Standard Class,0.21,California,Art,2014,North America,18
Office Supplies,Los Angeles,United States,DD-135704,Dorothy Dickinson,0.0,US,1,2014-05-03 00:00:00.000,CA-2014-147844,Medium,OFF-AR-10001615,Newell 34,15.4752,3,West,38690,60,Consumer,2014-05-07 00:00:00.000,Standard Class,3.63,California,Art,2014,North America,18
Office Supplies,Los Angeles,United States,RL-196154,Rob Lucas,0.0,US,1,2014-05-23 00:00:00.000,US-2014-151127,Medium,OFF-AR-10002445,SANFORD Major Accent Highlighters,18.8328,7,West,38541,50,Consumer,2014-05-26 00:00:00.000,First Class,5.26,California,Art,2014,North America,21
Office Supplies,Los Angeles,United States,BW-112004,Ben Wallace,0.0,US,1,2014-06-11 00:00:00.000,CA-2014-143343,Medium,OFF-AR-10002375,Newell 351,4.756,5,West,33585,16,Consumer,2014-06-14 00:00:00.000,First Class,1.49,California,Art,2014,North America,24
Office Supplies,Los Angeles,United States,SC-208004,Stuart Calhoun,0.0,US,1,2014-06-16 00:00:00.000,CA-2014-135167,Medium,OFF-AR-10002399,"Dixon Prang Watercolor Pencils, 10-Color Set with Brush",1.7466,1,West,34169,4,Consumer,2014-06-21 00:00:00.000,Standard Class,0.29,California,Art,2014,North America,25
Office Supplies,Los Angeles,United States,WB-218504,William Brown,0.0,US,1,2014-06-30 00:00:00.000,CA-2014-138149,High,OFF-AR-10000255,Newell 328,3.0368,2,West,36006,12,Consumer,2014-07-01 00:00:00.000,First Class,2.05,California,Art,2014,North America,27
Office Supplies,Los Angeles,United States,LC-170504,Liz Carlisle,0.0,US,1,2014-09-10 00:00:00.000,CA-2014-137498,Medium,OFF-AR-10003829,Newell 35,1.9024,2,West,36875,7,Consumer,2014-09-15 00:00:00.000,Second Class,0.2,California,Art,2014,North America,37
Office Supplies,Los Angeles,United States,DP-131054,Dave Poirier,0.0,US,1,2014-09-20 00:00:00.000,CA-2014-102974,Medium,OFF-AR-10000914,Boston 16765 Mini Stand Up Battery Pencil Sharpener,6.0632,2,West,38018,23,Corporate,2014-09-25 00:00:00.000,Standard Class,1.41,California,Art,2014,North America,38
Office Supplies,Los Angeles,United States,DP-131054,Dave Poirier,0.0,US,1,2014-09-20 00:00:00.000,CA-2014-102974,Medium,OFF-AR-10004956,Newell 33,4.8546,3,West,38019,17,Corporate,2014-09-25 00:00:00.000,Standard Class,0.88,California,Art,2014,North America,38
Office Supplies,Los Angeles,United States,SC-205754,Sonia Cooley,0.0,US,1,2014-09-30 00:00:00.000,US-2014-141509,Critical,OFF-AR-10002067,Newell 334,25.792,5,West,38959,99,Consumer,2014-10-02 00:00:00.000,First Class,4.52,California,Art,2014,North America,40
Office Supplies,Los Angeles,United States,RW-196904,Robert Waldorf,0.0,US,1,2014-10-13 00:00:00.000,CA-2014-112431,High,OFF-AR-10000940,Newell 343,1.5876,2,West,37238,6,Consumer,2014-10-15 00:00:00.000,Second Class,0.81,California,Art,2014,North America,42
Office Supplies,Los Angeles,United States,ZC-219104,Zuschuss Carroll,0.0,US,1,2014-11-07 00:00:00.000,CA-2014-100013,Medium,OFF-AR-10001022,SANFORD Liquid Accent Tank-Style Highlighters,1.7608,2,West,32527,6,Consumer,2014-11-12 00:00:00.000,Standard Class,0.19,California,Art,2014,North America,45
Office Supplies,Los Angeles,United States,JE-157154,Joe Elijah,0.0,US,1,2014-11-15 00:00:00.000,CA-2014-124261,Medium,OFF-AR-10003504,Newell 347,9.9296,8,West,41028,34,Consumer,2014-11-20 00:00:00.000,Standard Class,1.02,California,Art,2014,North America,46
Office Supplies,Los Angeles,United States,AM-103604,Alice McCarthy,0.0,US,1,2014-12-03 00:00:00.000,CA-2014-109701,High,OFF-AR-10001868,Prang Dustless Chalk Sticks,5.04,6,West,33649,10,Corporate,2014-12-04 00:00:00.000,Same Day,0.23,California,Art,2014,North America,49
Office Supplies,Los Angeles,United States,AT-104354,Alyssa Tate,0.0,US,1,2014-12-10 00:00:00.000,CA-2014-102407,Medium,OFF-AR-10000122,Newell 314,2.79,2,West,35587,11,Home Office,2014-12-14 00:00:00.000,Second Class,1.5,California,Art,2014,North America,50
Office Supplies,Los Angeles,United States,EP-139154,Emily Phan,0.0,US,1,2014-12-19 00:00:00.000,CA-2014-102099,Medium,OFF-AR-10003811,Newell 327,1.7901,3,West,34183,7,Consumer,2014-12-20 00:00:00.000,First Class,1.05,California,Art,2014,North America,51
Office Supplies,Los Angeles,United States,BN-115154,Bradley Nguyen,0.0,US,1,2014-12-22 00:00:00.000,CA-2014-163405,High,OFF-AR-10001246,Newell 317,1.7052,2,West,31811,6,Consumer,2014-12-26 00:00:00.000,Standard Class,0.66,California,Art,2014,North America,52
Office Supplies,Los Angeles,United States,BN-115154,Bradley Nguyen,0.0,US,1,2014-12-22 00:00:00.000,CA-2014-163405,High,OFF-AR-10003811,Newell 327,1.7901,3,West,31810,7,Consumer,2014-12-26 00:00:00.000,Standard Class,0.29,California,Art,2014,North America,52
Office Supplies,Los Angeles,United States,PO-188654,Patrick O'Donnell,0.0,US,1,2011-03-23 00:00:00.000,CA-2011-120838,High,OFF-ST-10000585,Economy Rollaway Files,85.904,2,West,34851,330,Consumer,2011-03-26 00:00:00.000,Second Class,34.62,California,Storage,2011,North America,13
Office Supplies,Los Angeles,United States,PS-189704,Paul Stevenson,0.0,US,1,2011-04-15 00:00:00.000,US-2011-120740,Critical,OFF-AP-10000240,Belkin F9G930V10-GRY 9 Outlet Surge,31.0184,2,West,38953,107,Home Office,2011-04-15 00:00:00.000,Same Day,20.75,California,Appliances,2011,North America,16
Office Supplies,Los Angeles,United States,VF-217154,Vicky Freymann,0.0,US,1,2011-07-25 00:00:00.000,CA-2011-146528,High,OFF-SU-10002522,Acme Kleen Earth Office Shears,4.5008,4,West,34944,16,Home Office,2011-07-27 00:00:00.000,Second Class,0.86,California,Supplies,2011,North America,31
Office Supplies,Los Angeles,United States,BB-109904,Barry Blumstein,0.0,US,1,2011-07-27 00:00:00.000,CA-2011-169642,Medium,OFF-ST-10002574,"SAFCO Commercial Wire Shelving, Black",0.0,2,West,40184,276,Corporate,2011-07-30 00:00:00.000,Second Class,32.27,California,Storage,2011,North America,31
Office Supplies,Los Angeles,United States,TS-213704,Todd Sumrall,0.0,US,1,2011-10-28 00:00:00.000,CA-2011-101931,High,OFF-ST-10003442,Eldon Portable Mobile Manager,38.178,5,West,35143,141,Corporate,2011-10-31 00:00:00.000,First Class,14.96,California,Storage,2011,North America,44
Office Supplies,Los Angeles,United States,TS-213704,Todd Sumrall,0.0,US,1,2011-10-28 00:00:00.000,CA-2011-101931,High,OFF-SU-10000646,Premier Automatic Letter Opener,14.4222,2,West,35141,481,Corporate,2011-10-31 00:00:00.000,First Class,21.55,California,Supplies,2011,North America,44
Office Supplies,Los Angeles,United States,TS-213704,Todd Sumrall,0.0,US,1,2011-10-28 00:00:00.000,CA-2011-101931,High,OFF-SU-10002301,Serrated Blade or Curved Handle Hand Letter Openers,0.0628,2,West,35140,6,Corporate,2011-10-31 00:00:00.000,First Class,1.41,California,Supplies,2011,North America,44
Office Supplies,Los Angeles,United States,MA-175604,Matt Abelman,0.0,US,1,2011-11-11 00:00:00.000,CA-2011-140732,High,OFF-AP-10001626,"Commercial WindTunnel Clean Air Upright Vacuum, Replacement Belts, Filtration Bags",2.0228,2,West,37259,8,Home Office,2011-11-13 00:00:00.000,Second Class,0.92,California,Appliances,2011,North America,46
Office Supplies,Los Angeles,United States,SS-204104,Shahid Shariari,0.0,US,1,2011-11-15 00:00:00.000,CA-2011-127558,Medium,OFF-SU-10002537,Acme Box Cutter Scissors,5.3196,2,West,36316,20,Consumer,2011-11-18 00:00:00.000,First Class,5.13,California,Supplies,2011,North America,47
Office Supplies,Los Angeles,United States,JD-161504,Justin Deggeller,0.0,US,1,2011-11-16 00:00:00.000,CA-2011-119144,Critical,OFF-ST-10000991,Space Solutions HD Industrial Steel Shelving.,10.3473,3,West,40007,345,Corporate,2011-11-18 00:00:00.000,First Class,89.84,California,Storage,2011,North America,47
Office Supplies,Los Angeles,United States,SC-200954,Sanjit Chand,0.0,US,1,2011-11-23 00:00:00.000,US-2011-157385,Critical,OFF-EN-10003160,Pastel Pink Envelopes,10.4832,3,West,32868,22,Consumer,2011-11-25 00:00:00.000,First Class,2.9,California,Envelopes,2011,North America,48
Office Supplies,Los Angeles,United States,JB-159254,Joni Blumstein,0.0,US,1,2011-12-05 00:00:00.000,CA-2011-150203,High,OFF-AP-10001469,Fellowes 8 Outlet Superior Workstation Surge Protector,72.5754,6,West,39011,250,Consumer,2011-12-07 00:00:00.000,First Class,36.78,California,Appliances,2011,North America,50
Office Supplies,Los Angeles,United States,RS-197654,Roland Schwarz,0.0,US,1,2011-12-06 00:00:00.000,CA-2011-106726,Critical,OFF-ST-10001496,Standard Rollaway File with Lock,327.9458,7,West,38362,1261,Corporate,2011-12-08 00:00:00.000,First Class,506.49,California,Storage,2011,North America,50
Office Supplies,Los Angeles,United States,BP-110954,Bart Pistole,0.0,US,1,2011-12-19 00:00:00.000,CA-2011-162992,Medium,OFF-FA-10004248,Advantus T-Pin Paper Clips,8.7945,5,West,40090,23,Corporate,2011-12-21 00:00:00.000,First Class,2.33,California,Fasteners,2011,North America,52
Office Supplies,Los Angeles,United States,BP-110954,Bart Pistole,0.0,US,1,2011-12-19 00:00:00.000,CA-2011-162992,Medium,OFF-LA-10001934,Avery 516,6.8714,2,West,40089,15,Corporate,2011-12-21 00:00:00.000,First Class,1.2,California,Labels,2011,North America,52
Office Supplies,Los Angeles,United States,AT-104354,Alyssa Tate,0.0,US,1,2011-12-27 00:00:00.000,CA-2011-120243,High,OFF-LA-10004425,Staples,5.4332,4,West,32473,12,Home Office,2011-12-30 00:00:00.000,Second Class,1.06,California,Labels,2011,North America,53
Office Supplies,Los Angeles,United States,JM-161954,Justin MacKendrick,0.0,US,1,2012-02-15 00:00:00.000,CA-2012-116092,Medium,OFF-AP-10001391,Kensington 6 Outlet MasterPiece HOMEOFFICE Power Control Center,157.0176,6,West,33547,541,Consumer,2012-02-18 00:00:00.000,Second Class,43.71,California,Appliances,2012,North America,7
Office Supplies,Los Angeles,United States,DE-132554,Deanra Eno,0.0,US,1,2012-04-18 00:00:00.000,CA-2012-142601,Medium,OFF-ST-10002756,"Tennsco Stur-D-Stor Boltless Shelving, 5 Shelves, 24"" Deep, Sand",9.4717,7,West,36016,947,Home Office,2012-04-20 00:00:00.000,Second Class,36.83,California,Storage,2012,North America,16
Office Supplies,Los Angeles,United States,CD-127904,Cynthia Delaney,0.0,US,1,2012-09-21 00:00:00.000,CA-2012-149972,High,OFF-FA-10002763,Advantus Map Pennant Flags and Round Head Tacks,2.528,2,West,34083,8,Home Office,2012-09-23 00:00:00.000,First Class,1.9,California,Fasteners,2012,North America,38
Office Supplies,Los Angeles,United States,MM-182804,Muhammed MacIntyre,0.0,US,1,2012-09-22 00:00:00.000,CA-2012-168760,High,OFF-AP-10004532,Kensington 6 Outlet Guardian Standard Surge Protector,16.5888,3,West,40339,61,Corporate,2012-09-26 00:00:00.000,Second Class,15.69,California,Appliances,2012,North America,38
Office Supplies,Los Angeles,United States,CS-124004,Christopher Schild,0.0,US,1,2012-10-02 00:00:00.000,US-2012-119312,Medium,OFF-ST-10000943,Eldon ProFile File 'N Store Portable File Tub Letter/Legal Size Black,75.6952,14,West,35199,270,Home Office,2012-10-07 00:00:00.000,Second Class,29.13,California,Storage,2012,North America,40
Office Supplies,Los Angeles,United States,CM-121904,Charlotte Melton,0.0,US,1,2012-10-17 00:00:00.000,CA-2012-152527,Critical,OFF-ST-10003479,"Eldon Base for stackable storage shelf, platinum",3.894,2,West,34701,78,Consumer,2012-10-17 00:00:00.000,Same Day,18.46,California,Storage,2012,North America,42
Office Supplies,Los Angeles,United States,NG-184304,Nathan Gelder,0.0,US,1,2012-11-22 00:00:00.000,CA-2012-137708,High,OFF-ST-10004634,"Personal Folder Holder, Ebony",10.089,3,West,36104,34,Consumer,2012-11-25 00:00:00.000,Second Class,6.73,California,Storage,2012,North America,47
Office Supplies,Los Angeles,United States,HM-148604,Harry Marie,0.0,US,1,2012-12-04 00:00:00.000,CA-2012-118871,Medium,OFF-EN-10003296,Tyvek Side-Opening Peel & Seel Expanding Envelopes,122.148,3,West,35857,271,Corporate,2012-12-09 00:00:00.000,Second Class,34.62,California,Envelopes,2012,North America,49
Office Supplies,Los Angeles,United States,KD-162704,Karen Daniels,0.0,US,1,2012-12-12 00:00:00.000,CA-2012-110870,High,OFF-SU-10001225,Staples,0.5152,7,West,39299,26,Consumer,2012-12-15 00:00:00.000,First Class,4.91,California,Supplies,2012,North America,50
Office Supplies,Los Angeles,United States,MC-175754,Matt Collins,0.0,US,1,2012-12-13 00:00:00.000,CA-2012-125423,Medium,OFF-LA-10001771,Avery 513,4.5816,2,West,33114,10,Consumer,2012-12-15 00:00:00.000,Second Class,0.87,California,Labels,2012,North America,50
Office Supplies,Los Angeles,United States,LR-169154,Lena Radford,0.0,US,1,2013-01-03 00:00:00.000,CA-2013-125206,High,OFF-ST-10003692,Recycled Steel Personal File for Hanging File Folders,28.615,2,West,34370,114,Consumer,2013-01-05 00:00:00.000,First Class,14.24,California,Storage,2013,North America,1
Office Supplies,Los Angeles,United States,MC-176354,Matthew Clasen,0.0,US,1,2013-02-21 00:00:00.000,CA-2013-139010,Medium,OFF-ST-10001809,Fellowes Officeware Wire Shelving,8.983,5,West,34287,449,Corporate,2013-02-26 00:00:00.000,Second Class,54.23,California,Storage,2013,North America,8
Office Supplies,Los Angeles,United States,CC-122204,Chris Cortes,0.0,US,1,2013-03-29 00:00:00.000,CA-2013-131380,Critical,OFF-ST-10002485,Rogers Deluxe File Chest,0.8792,4,West,38454,88,Consumer,2013-04-01 00:00:00.000,Second Class,23.69,California,Storage,2013,North America,13
Office Supplies,Los Angeles,United States,SC-200954,Sanjit Chand,0.0,US,1,2013-05-17 00:00:00.000,CA-2013-130638,Medium,OFF-LA-10002195,Avery 481,13.3056,9,West,40907,28,Consumer,2013-05-20 00:00:00.000,Second Class,2.0,California,Labels,2013,North America,20
Office Supplies,Los Angeles,United States,DV-130454,Darrin Van Huff,0.0,US,1,2013-06-13 00:00:00.000,CA-2013-138688,High,OFF-LA-10000240,Self-Adhesive Address Labels for Typewriters by Universal,6.8714,2,West,31299,15,Corporate,2013-06-17 00:00:00.000,Second Class,1.47,California,Labels,2013,North America,24
Office Supplies,Los Angeles,United States,MV-181904,Mike Vittorini,0.0,US,1,2013-06-18 00:00:00.000,CA-2013-123512,Critical,OFF-LA-10000081,Avery 496,10.8,6,West,37913,23,Consumer,2013-06-20 00:00:00.000,First Class,3.7,California,Labels,2013,North America,25
Office Supplies,Los Angeles,United States,AH-100754,Adam Hart,0.0,US,1,2013-06-27 00:00:00.000,CA-2013-144015,Critical,OFF-FA-10000624,OIC Binder Clips,8.95,5,West,39984,18,Corporate,2013-06-27 00:00:00.000,Same Day,4.89,California,Fasteners,2013,North America,26
Office Supplies,Los Angeles,United States,AH-100754,Adam Hart,0.0,US,1,2013-06-27 00:00:00.000,CA-2013-144015,Critical,OFF-SU-10003505,Premier Electric Letter Opener,11.586,2,West,39983,232,Corporate,2013-06-27 00:00:00.000,Same Day,43.08,California,Supplies,2013,North America,26
Office Supplies,Los Angeles,United States,GT-147554,Guy Thornton,0.0,US,1,2013-07-04 00:00:00.000,CA-2013-130029,High,OFF-FA-10001135,"Brites Rubber Bands, 1 1/2 oz. Box",0.0792,2,West,34862,4,Consumer,2013-07-07 00:00:00.000,First Class,0.66,California,Fasteners,2013,North America,27
Office Supplies,Los Angeles,United States,LB-167354,Larry Blacks,0.0,US,1,2013-07-26 00:00:00.000,CA-2013-111115,High,OFF-FA-10000624,OIC Binder Clips,10.74,6,West,33452,21,Consumer,2013-07-28 00:00:00.000,Second Class,4.35,California,Fasteners,2013,North America,30
Office Supplies,Los Angeles,United States,LA-167804,Laura Armstrong,0.0,US,1,2013-09-25 00:00:00.000,CA-2013-155187,Medium,OFF-ST-10000642,"Tennsco Lockers, Gray",2.9372,2,West,33627,42,Corporate,2013-09-27 00:00:00.000,Second Class,2.92,California,Storage,2013,North America,39
Office Supplies,Los Angeles,United States,PF-192254,Phillip Flathmann,0.0,US,1,2013-11-04 00:00:00.000,CA-2013-114972,Critical,OFF-AP-10003057,Honeywell Enviracaire Portable HEPA Air Cleaner for 16' x 20' Room,429.5772,4,West,33773,1101,Consumer,2013-11-07 00:00:00.000,First Class,364.76,California,Appliances,2013,North America,45
Office Supplies,Los Angeles,United States,PF-192254,Phillip Flathmann,0.0,US,1,2013-11-04 00:00:00.000,CA-2013-114972,Critical,OFF-LA-10004545,Avery 50,41.2237,7,West,33772,88,Consumer,2013-11-07 00:00:00.000,First Class,11.56,California,Labels,2013,North America,45
Office Supplies,Los Angeles,United States,EM-140954,Eudokia Martin,0.0,US,1,2013-11-08 00:00:00.000,CA-2013-161669,High,OFF-LA-10004093,Avery 486,6.8714,2,West,32142,15,Corporate,2013-11-10 00:00:00.000,First Class,1.92,California,Labels,2013,North America,45
Office Supplies,Los Angeles,United States,EM-140954,Eudokia Martin,0.0,US,1,2013-11-08 00:00:00.000,CA-2013-161669,High,OFF-SU-10002503,Acme Preferred Stainless Steel Scissors,3.2944,2,West,32141,11,Corporate,2013-11-10 00:00:00.000,First Class,1.38,California,Supplies,2013,North America,45
Office Supplies,Los Angeles,United States,AI-108554,Arianne Irving,0.0,US,1,2013-11-11 00:00:00.000,CA-2013-158694,High,OFF-AP-10000055,Belkin F9S820V06 8 Outlet Surge,38.976,4,West,36339,130,Consumer,2013-11-14 00:00:00.000,Second Class,16.65,California,Appliances,2013,North America,46
Office Supplies,Los Angeles,United States,AI-108554,Arianne Irving,0.0,US,1,2013-11-11 00:00:00.000,CA-2013-158694,High,OFF-ST-10001496,Standard Rollaway File with Lock,187.3976,4,West,36342,721,Consumer,2013-11-14 00:00:00.000,Second Class,105.59,California,Storage,2013,North America,46
Office Supplies,Los Angeles,United States,JP-161354,Julie Prescott,0.0,US,1,2013-12-31 00:00:00.000,US-2013-111528,Medium,OFF-ST-10001526,Iceberg Mobile Mega Data/Printer Cart,125.1432,4,West,37056,481,Home Office,2013-12-31 00:00:00.000,Same Day,56.65,California,Storage,2013,North America,53
Office Supplies,Los Angeles,United States,CV-128054,Cynthia Voltz,0.0,US,1,2014-02-19 00:00:00.000,CA-2014-164707,High,OFF-LA-10004345,Avery 493,4.8118,2,West,36686,10,Corporate,2014-02-22 00:00:00.000,Second Class,2.16,California,Labels,2014,North America,8
Office Supplies,Los Angeles,United States,BT-115304,Bradley Talbott,0.0,US,1,2014-02-27 00:00:00.000,CA-2014-117212,Medium,OFF-AP-10004532,Kensington 6 Outlet Guardian Standard Surge Protector,22.1184,4,West,32485,82,Home Office,2014-03-01 00:00:00.000,Second Class,9.84,California,Appliances,2014,North America,9
Office Supplies,Los Angeles,United States,JK-153254,Jason Klamczynski,0.0,US,1,2014-03-19 00:00:00.000,CA-2014-122007,Medium,OFF-AP-10000358,Fellowes Basic Home/Office Series Surge Protectors,26.3494,7,West,40418,91,Corporate,2014-03-21 00:00:00.000,Second Class,6.89,California,Appliances,2014,North America,12
Office Supplies,Los Angeles,United States,SC-207254,Steven Cartwright,0.0,US,1,2014-03-22 00:00:00.000,CA-2014-108539,High,OFF-ST-10003208,Adjustable Depth Letter/Legal Cart,210.4936,4,West,36642,726,Consumer,2014-03-24 00:00:00.000,Second Class,58.05,California,Storage,2014,North America,12
Office Supplies,Los Angeles,United States,DB-129703,Darren Budd,0.0,US,1,2014-05-04 00:00:00.000,CA-2014-132178,Medium,OFF-ST-10000025,Fellowes Stor/Drawer Steel Plus Storage Drawers,45.8064,8,West,34929,763,Corporate,2014-05-09 00:00:00.000,Second Class,50.46,California,Storage,2014,North America,19
Office Supplies,Los Angeles,United States,DB-129703,Darren Budd,0.0,US,1,2014-05-04 00:00:00.000,CA-2014-132178,Medium,OFF-ST-10000464,"Multi-Use Personal File Cart and Caster Set, Three Stacking Bins",19.4656,2,West,34928,70,Corporate,2014-05-09 00:00:00.000,Second Class,4.22,California,Storage,2014,North America,19
Office Supplies,Los Angeles,United States,MT-180704,Michelle Tran,0.0,US,1,2014-06-11 00:00:00.000,CA-2014-140963,High,OFF-LA-10003923,Alphabetical Labels for Top Tab Filing,14.8,2,West,31781,30,Home Office,2014-06-14 00:00:00.000,First Class,3.12,California,Labels,2014,North America,24
Office Supplies,Los Angeles,United States,ZD-219254,Zuschuss Donatelli,0.0,US,1,2014-06-12 00:00:00.000,CA-2014-141481,High,OFF-AP-10004532,Kensington 6 Outlet Guardian Standard Surge Protector,16.5888,3,West,39638,61,Consumer,2014-06-15 00:00:00.000,First Class,8.47,California,Appliances,2014,North America,24
Office Supplies,Los Angeles,United States,WB-218504,William Brown,0.0,US,1,2014-06-30 00:00:00.000,CA-2014-138149,High,OFF-ST-10002974,"Trav-L-File Heavy-Duty Shuttle II, Black",39.213,3,West,36005,131,Consumer,2014-07-01 00:00:00.000,First Class,34.83,California,Storage,2014,North America,27
Office Supplies,Los Angeles,United States,GA-145154,George Ashbrook,0.0,US,1,2014-08-04 00:00:00.000,US-2014-143175,Medium,OFF-ST-10003123,Fellowes Bases and Tops For Staxonsteel/High-Stak Systems,23.9688,3,West,38384,100,Consumer,2014-08-07 00:00:00.000,Second Class,3.05,California,Storage,2014,North America,32
Office Supplies,Los Angeles,United States,MH-172904,Marc Harrigan,0.0,US,1,2014-09-03 00:00:00.000,CA-2014-169327,High,OFF-AP-10001492,"Acco Six-Outlet Power Strip, 4' Cord Length",11.206,5,West,41143,43,Home Office,2014-09-05 00:00:00.000,Second Class,3.94,California,Appliances,2014,North America,36
Office Supplies,Los Angeles,United States,JB-160004,Joy Bell-,0.0,US,1,2014-09-15 00:00:00.000,US-2014-157224,Medium,OFF-LA-10000121,Avery 48,26.082,9,West,37518,57,Consumer,2014-09-19 00:00:00.000,Second Class,2.1,California,Labels,2014,North America,38
Office Supplies,Los Angeles,United States,BM-115754,Brendan Murry,0.0,US,1,2014-09-22 00:00:00.000,CA-2014-165155,Critical,OFF-ST-10004950,"Tenex Personal Filing Tote With Secure Closure Lid, Black/Frost",3.8775,1,West,38634,16,Corporate,2014-09-24 00:00:00.000,First Class,4.31,California,Storage,2014,North America,39
Office Supplies,Los Angeles,United States,AM-103604,Alice McCarthy,0.0,US,1,2014-12-03 00:00:00.000,CA-2014-109701,High,OFF-AP-10002765,Fellowes Advanced Computer Series Surge Protectors,22.2516,3,West,33648,79,Corporate,2014-12-04 00:00:00.000,Same Day,8.23,California,Appliances,2014,North America,49
Office Supplies,Los Angeles,United States,AT-104354,Alyssa Tate,0.0,US,1,2014-12-10 00:00:00.000,CA-2014-102407,Medium,OFF-AP-10001394,Harmony Air Purifier,68.04,1,West,35589,189,Home Office,2014-12-14 00:00:00.000,Second Class,14.17,California,Appliances,2014,North America,50
Office Supplies,Los Angeles,United States,RB-194654,Rick Bensley,0.0,US,1,2014-12-17 00:00:00.000,CA-2014-161578,High,OFF-ST-10002289,"Safco Wire Cube Shelving System, For Use as 4 or 5 14"" Cubes, Black",7.945,5,West,37849,159,Home Office,2014-12-22 00:00:00.000,Second Class,15.27,California,Storage,2014,North America,51
Office Supplies,Los Angeles,United States,JL-158354,John Lee,0.0,US,1,2011-04-18 00:00:00.000,CA-2011-110849,High,OFF-FA-10000134,"Advantus Push Pins, Aluminum Head",3.6022,2,West,34832,12,Consumer,2011-04-23 00:00:00.000,Standard Class,0.96,California,Fasteners,2011,North America,17
Office Supplies,Los Angeles,United States,MH-172904,Marc Harrigan,0.0,US,1,2011-04-26 00:00:00.000,CA-2011-116785,High,OFF-LA-10000305,Avery 495,5.796,2,West,38494,13,Home Office,2011-04-30 00:00:00.000,Standard Class,1.8,California,Labels,2011,North America,18
Office Supplies,Los Angeles,United States,GH-144104,Gary Hansen,0.0,US,1,2011-07-09 00:00:00.000,CA-2011-114125,High,OFF-LA-10004559,Avery 49,1.4112,1,West,39469,3,Home Office,2011-07-13 00:00:00.000,Standard Class,0.47,California,Labels,2011,North America,28
Office Supplies,Los Angeles,United States,GH-144104,Gary Hansen,0.0,US,1,2011-07-09 00:00:00.000,CA-2011-114125,High,OFF-ST-10001505,"Perma STOR-ALL Hanging File Box, 13 1/8""W x 12 1/4""D x 10 1/2""H",4.0664,4,West,39471,24,Home Office,2011-07-13 00:00:00.000,Standard Class,1.7,California,Storage,2011,North America,28
Office Supplies,Los Angeles,United States,BF-111704,Ben Ferrer,0.0,US,1,2011-07-12 00:00:00.000,CA-2011-110184,High,OFF-ST-10000107,Fellowes Super Stor/Drawer,44.955,9,West,32517,250,Home Office,2011-07-16 00:00:00.000,Standard Class,52.56,California,Storage,2011,North America,29
Office Supplies,Los Angeles,United States,JM-152654,Janet Molinari,0.0,US,1,2011-08-25 00:00:00.000,CA-2011-104178,High,OFF-ST-10004258,Portable Personal File Box,13.1868,4,West,37243,49,Corporate,2011-08-29 00:00:00.000,Standard Class,3.81,California,Storage,2011,North America,35
Office Supplies,Los Angeles,United States,AP-109154,Arthur Prichep,0.0,US,1,2011-09-29 00:00:00.000,CA-2011-146969,High,OFF-FA-10001561,Stockwell Push Pins,2.8776,4,West,32439,9,Consumer,2011-10-03 00:00:00.000,Standard Class,1.29,California,Fasteners,2011,North America,40
Office Supplies,Los Angeles,United States,AP-109154,Arthur Prichep,0.0,US,1,2011-09-29 00:00:00.000,CA-2011-146969,High,OFF-ST-10004340,"Fellowes Mobile File Cart, Black",16.7886,1,West,32442,62,Consumer,2011-10-03 00:00:00.000,Standard Class,5.67,California,Storage,2011,North America,40
Office Supplies,Los Angeles,United States,GG-146504,Greg Guthrie,0.0,US,1,2011-10-31 00:00:00.000,CA-2011-106439,High,OFF-FA-10002975,Staples,5.2164,3,West,33356,11,Corporate,2011-11-04 00:00:00.000,Standard Class,1.2,California,Fasteners,2011,North America,45
Office Supplies,Los Angeles,United States,GG-146504,Greg Guthrie,0.0,US,1,2011-10-31 00:00:00.000,CA-2011-106439,High,OFF-ST-10003996,"Letter/Legal File Tote with Clear Snap-On Lid, Black Granite",20.878,5,West,33357,80,Corporate,2011-11-04 00:00:00.000,Standard Class,15.67,California,Storage,2011,North America,45
Office Supplies,Los Angeles,United States,GG-146504,Greg Guthrie,0.0,US,1,2011-10-31 00:00:00.000,CA-2011-106439,High,OFF-ST-10001963,Tennsco Regal Shelving Units,12.1692,4,West,33361,406,Corporate,2011-11-04 00:00:00.000,Standard Class,18.82,California,Storage,2011,North America,45
Office Supplies,Los Angeles,United States,RD-195854,Rob Dowd,0.0,US,1,2012-02-16 00:00:00.000,CA-2012-121776,High,OFF-LA-10002762,Avery 485,41.2237,7,West,39432,88,Consumer,2012-02-21 00:00:00.000,Standard Class,9.83,California,Labels,2012,North America,7
Office Supplies,Los Angeles,United States,BT-113954,Bill Tyler,0.0,US,1,2012-04-13 00:00:00.000,US-2012-120502,Low,OFF-AP-10004980,3M Replacement Filter for Office Air Cleaner for 20' x 33' Room,29.5776,2,West,36477,76,Corporate,2012-04-19 00:00:00.000,Standard Class,8.99,California,Appliances,2012,North America,15
Office Supplies,Los Angeles,United States,LS-169454,Linda Southworth,0.0,US,1,2012-04-25 00:00:00.000,CA-2012-115420,Low,OFF-EN-10003862,Laser & Ink Jet Business Envelopes,9.8164,2,West,38252,21,Corporate,2012-05-02 00:00:00.000,Standard Class,2.31,California,Envelopes,2012,North America,17
Office Supplies,Los Angeles,United States,HG-150254,Hunter Glantz,0.0,US,1,2012-05-14 00:00:00.000,CA-2012-165162,Low,OFF-ST-10003470,"Tennsco Snap-Together Open Shelving Units, Starter Sets and Add-On Units",55.896,4,West,37984,1118,Consumer,2012-05-21 00:00:00.000,Standard Class,137.93,California,Storage,2012,North America,20
Office Supplies,Los Angeles,United States,SB-201854,Sarah Brown,0.0,US,1,2012-05-22 00:00:00.000,CA-2012-149846,High,OFF-LA-10004484,Avery 476,3.7996,2,West,39398,8,Consumer,2012-05-26 00:00:00.000,Standard Class,0.8,California,Labels,2012,North America,21
Office Supplies,Los Angeles,United States,SB-201854,Sarah Brown,0.0,US,1,2012-05-22 00:00:00.000,CA-2012-149846,High,OFF-ST-10002406,Pizazz Global Quick File,29.3412,7,West,39400,105,Consumer,2012-05-26 00:00:00.000,Standard Class,13.18,California,Storage,2012,North America,21
Office Supplies,Los Angeles,United States,CC-121454,Charles Crestani,0.0,US,1,2012-09-10 00:00:00.000,CA-2012-132906,High,OFF-SU-10004498,Martin-Yale Premier Letter Opener,1.5456,4,West,31877,52,Consumer,2012-09-14 00:00:00.000,Standard Class,7.75,California,Supplies,2012,North America,37
Office Supplies,Los Angeles,United States,AM-107054,Anne McFarland,0.0,US,1,2012-09-25 00:00:00.000,CA-2012-100573,Low,OFF-EN-10000461,"#10- 4 1/8"" x 9 1/2"" Recycled Envelopes",8.2156,2,West,33743,17,Consumer,2012-10-01 00:00:00.000,Standard Class,1.73,California,Envelopes,2012,North America,39
Office Supplies,Los Angeles,United States,YS-218804,Yana Sorensen,0.0,US,1,2012-12-08 00:00:00.000,CA-2012-129532,High,OFF-ST-10004186,"Stur-D-Stor Shelving, Vertical 5-Shelf: 72""H x 36""W x 18 1/2""D",4.4392,2,West,38871,222,Corporate,2012-12-12 00:00:00.000,Standard Class,43.34,California,Storage,2012,North America,49
Office Supplies,Los Angeles,United States,AG-109004,Arthur Gainer,0.0,US,1,2012-12-27 00:00:00.000,CA-2012-148376,High,OFF-AP-10000240,Belkin F9G930V10-GRY 9 Outlet Surge,31.0184,2,West,32994,107,Consumer,2012-12-31 00:00:00.000,Standard Class,11.51,California,Appliances,2012,North America,52
Office Supplies,Los Angeles,United States,AG-109004,Arthur Gainer,0.0,US,1,2012-12-27 00:00:00.000,CA-2012-148376,High,OFF-LA-10002381,Avery 497,10.3488,7,West,32995,22,Consumer,2012-12-31 00:00:00.000,Standard Class,4.27,California,Labels,2012,North America,52
Office Supplies,Los Angeles,United States,LC-171404,Logan Currie,0.0,US,1,2013-04-09 00:00:00.000,CA-2013-130477,High,OFF-ST-10002583,Fellowes Neat Ideas Storage Cubes,2.5984,2,West,32201,65,Consumer,2013-04-13 00:00:00.000,Standard Class,7.09,California,Storage,2013,North America,15
Office Supplies,Los Angeles,United States,AH-106904,Anna Häberlin,0.0,US,1,2013-05-20 00:00:00.000,CA-2013-138282,High,OFF-AP-10001366,Staples,23.7168,8,West,38763,88,Corporate,2013-05-24 00:00:00.000,Standard Class,7.92,California,Appliances,2013,North America,21
Office Supplies,Los Angeles,United States,CL-125654,Clay Ludtke,0.0,US,1,2013-05-29 00:00:00.000,CA-2013-134803,Low,OFF-AP-10000891,Kensington 7 Outlet MasterPiece HOMEOFFICE Power Control Center,78.672,2,West,34717,262,Consumer,2013-06-04 00:00:00.000,Standard Class,26.48,California,Appliances,2013,North America,22
Office Supplies,Los Angeles,United States,BD-113204,Bill Donatelli,0.0,US,1,2013-08-16 00:00:00.000,CA-2013-167241,Low,OFF-ST-10001505,"Perma STOR-ALL Hanging File Box, 13 1/8""W x 12 1/4""D x 10 1/2""H",3.0498,3,West,40192,18,Consumer,2013-08-23 00:00:00.000,Standard Class,2.88,California,Storage,2013,North America,33
Office Supplies,Los Angeles,United States,JH-159104,Jonathan Howell,0.0,US,1,2013-10-29 00:00:00.000,CA-2013-130162,High,OFF-ST-10001328,"Personal Filing Tote with Lid, Black/Gray",26.0568,6,West,31514,93,Consumer,2013-11-02 00:00:00.000,Standard Class,6.35,California,Storage,2013,North America,44
Office Supplies,Los Angeles,United States,TC-215354,Tracy Collins,0.0,US,1,2013-11-19 00:00:00.000,CA-2013-166226,High,OFF-AP-10002867,Fellowes Command Center 5-outlet power strip,18.3168,1,West,36257,68,Home Office,2013-11-23 00:00:00.000,Standard Class,6.48,California,Appliances,2013,North America,47
Office Supplies,Los Angeles,United States,HG-149654,Henry Goldwyn,0.0,US,1,2013-12-19 00:00:00.000,CA-2013-145919,High,OFF-SU-10003505,Premier Electric Letter Opener,28.965,5,West,32613,579,Corporate,2013-12-24 00:00:00.000,Standard Class,53.83,California,Supplies,2013,North America,51
Office Supplies,Los Angeles,United States,SB-201704,Sarah Bern,0.0,US,1,2014-02-10 00:00:00.000,CA-2014-145807,High,OFF-ST-10001370,Sensible Storage WireTech Storage Systems,17.745,5,West,38542,355,Consumer,2014-02-14 00:00:00.000,Standard Class,48.88,California,Storage,2014,North America,7
Office Supplies,Los Angeles,United States,KD-166154,Ken Dana,0.0,US,1,2014-03-17 00:00:00.000,CA-2014-129294,High,OFF-AP-10001154,Bionaire Personal Warm Mist Humidifier/Vaporizer,54.8613,3,West,41037,141,Corporate,2014-03-22 00:00:00.000,Standard Class,14.92,California,Appliances,2014,North America,12
Office Supplies,Los Angeles,United States,KD-166154,Ken Dana,0.0,US,1,2014-03-17 00:00:00.000,CA-2014-129294,High,OFF-ST-10002615,"Dual Level, Single-Width Filing Carts",80.6312,2,West,41034,310,Corporate,2014-03-22 00:00:00.000,Standard Class,26.14,California,Storage,2014,North America,12
Office Supplies,Los Angeles,United States,HG-149654,Henry Goldwyn,0.0,US,1,2014-04-01 00:00:00.000,US-2014-160143,Low,OFF-SU-10004231,Acme Tagit Stainless Steel Antibacterial Scissors,8.019,3,West,38832,30,Corporate,2014-04-08 00:00:00.000,Standard Class,4.08,California,Supplies,2014,North America,14
Office Supplies,Los Angeles,United States,KN-163904,Katherine Nockton,0.0,US,1,2014-07-12 00:00:00.000,CA-2014-164959,High,OFF-LA-10004272,Avery 482,4.0749,3,West,32769,9,Corporate,2014-07-16 00:00:00.000,Standard Class,1.11,California,Labels,2014,North America,28
Office Supplies,Los Angeles,United States,RA-192854,Ralph Arnett,0.0,US,1,2014-09-05 00:00:00.000,CA-2014-141929,High,OFF-ST-10002974,"Trav-L-File Heavy-Duty Shuttle II, Black",65.355,5,West,34916,218,Consumer,2014-09-09 00:00:00.000,Standard Class,26.6,California,Storage,2014,North America,36
Office Supplies,Los Angeles,United States,KD-164954,Keith Dawkins,0.0,US,1,2014-09-10 00:00:00.000,CA-2014-100825,High,OFF-ST-10003123,Fellowes Bases and Tops For Staxonsteel/High-Stak Systems,23.9688,3,West,37191,100,Corporate,2014-09-15 00:00:00.000,Standard Class,10.94,California,Storage,2014,North America,37
Office Supplies,Los Angeles,United States,PV-189854,Paul Van Hugh,0.0,US,1,2014-10-03 00:00:00.000,CA-2014-105914,Low,OFF-ST-10003716,Tennsco Double-Tier Lockers,204.7682,7,West,35433,1575,Home Office,2014-10-09 00:00:00.000,Standard Class,127.15,California,Storage,2014,North America,40
Office Supplies,Los Angeles,United States,KE-164204,Katrina Edelman,0.0,US,1,2011-04-03 00:00:00.000,CA-2011-112291,Medium,OFF-EN-10001415,Staples,5.58,2,West,41180,11,Corporate,2011-04-08 00:00:00.000,Standard Class,0.24,California,Envelopes,2011,North America,15
Office Supplies,Los Angeles,United States,SN-207104,Steve Nguyen,0.0,US,1,2011-05-06 00:00:00.000,US-2011-154879,Medium,OFF-LA-10004425,Staples,2.7166,2,West,35706,6,Home Office,2011-05-11 00:00:00.000,Standard Class,0.33,California,Labels,2011,North America,19
Office Supplies,Los Angeles,United States,BH-117104,Brosina Hoffman,0.0,US,1,2011-06-09 00:00:00.000,CA-2011-115812,Medium,OFF-AP-10002892,Belkin F5C206VTEL 6 Outlet Surge,34.47,5,West,31306,115,Consumer,2011-06-14 00:00:00.000,Standard Class,8.23,California,Appliances,2011,North America,24
Office Supplies,Los Angeles,United States,MA-179954,Michelle Arnett,0.0,US,1,2011-09-20 00:00:00.000,CA-2011-133704,Medium,OFF-AP-10001366,Staples,11.8584,4,West,35537,44,Home Office,2011-09-26 00:00:00.000,Standard Class,1.65,California,Appliances,2011,North America,39
Office Supplies,Los Angeles,United States,PL-189254,Paul Lucas,0.0,US,1,2011-11-01 00:00:00.000,CA-2011-168305,Medium,OFF-LA-10003498,Avery 475,22.2,3,West,37192,44,Home Office,2011-11-08 00:00:00.000,Standard Class,2.77,California,Labels,2011,North America,45
Office Supplies,Los Angeles,United States,RL-196154,Rob Lucas,0.0,US,1,2011-12-05 00:00:00.000,CA-2011-133830,Medium,OFF-FA-10002280,Advantus Plastic Paper Clips,7.2,3,West,38867,15,Consumer,2011-12-10 00:00:00.000,Standard Class,1.15,California,Fasteners,2011,North America,50
Office Supplies,Los Angeles,United States,JC-161054,Julie Creighton,0.0,US,1,2011-12-24 00:00:00.000,US-2011-167738,Medium,OFF-ST-10003306,Letter Size Cart,41.4294,1,West,32563,143,Corporate,2011-12-29 00:00:00.000,Standard Class,10.28,California,Storage,2011,North America,52
Office Supplies,Los Angeles,United States,BF-111704,Ben Ferrer,0.0,US,1,2011-12-24 00:00:00.000,US-2011-138247,Medium,OFF-AP-10000828,Avanti 4.4 Cu. Ft. Refrigerator,101.3488,2,West,35801,362,Home Office,2011-12-29 00:00:00.000,Standard Class,26.47,California,Appliances,2011,North America,52
Office Supplies,Los Angeles,United States,BF-111704,Ben Ferrer,0.0,US,1,2011-12-24 00:00:00.000,US-2011-138247,Medium,OFF-ST-10002301,Tennsco Commercial Shelving,0.2034,1,West,35804,20,Home Office,2011-12-29 00:00:00.000,Standard Class,1.27,California,Storage,2011,North America,52
Office Supplies,Los Angeles,United States,AB-106004,Ann Blume,0.0,US,1,2012-02-18 00:00:00.000,CA-2012-111234,Medium,OFF-LA-10002271,Smead Alpha-Z Color-Coded Second Alphabetical Labels and Starter Set,4.4352,3,West,35513,9,Corporate,2012-02-22 00:00:00.000,Standard Class,0.7,California,Labels,2012,North America,7
Office Supplies,Los Angeles,United States,LH-171554,Logan Haushalter,0.0,US,1,2012-06-19 00:00:00.000,CA-2012-121965,Medium,OFF-EN-10000056,Cameo Buff Policy Envelopes,87.7443,3,West,35747,187,Consumer,2012-06-23 00:00:00.000,Standard Class,5.15,California,Envelopes,2012,North America,25
Office Supplies,Los Angeles,United States,AB-101654,Alan Barnes,0.0,US,1,2012-06-25 00:00:00.000,CA-2012-115945,Medium,OFF-ST-10001963,Tennsco Regal Shelving Units,9.1269,3,West,35613,304,Consumer,2012-07-01 00:00:00.000,Standard Class,11.27,California,Storage,2012,North America,26
Office Supplies,Los Angeles,United States,TT-212654,Tim Taslimi,0.0,US,1,2012-08-15 00:00:00.000,CA-2012-162369,Medium,OFF-ST-10000046,Fellowes Super Stor/Drawer Files,61.389,2,West,33933,323,Corporate,2012-08-19 00:00:00.000,Standard Class,18.13,California,Storage,2012,North America,33
Office Supplies,Los Angeles,United States,NL-183104,Nancy Lomonaco,0.0,US,1,2012-08-25 00:00:00.000,US-2012-139759,Medium,OFF-AP-10002765,Fellowes Advanced Computer Series Surge Protectors,29.6688,4,West,33966,106,Home Office,2012-08-30 00:00:00.000,Standard Class,6.04,California,Appliances,2012,North America,34
Office Supplies,Los Angeles,United States,CB-120254,Cassandra Brandow,0.0,US,1,2012-08-28 00:00:00.000,CA-2012-121188,Medium,OFF-ST-10000736,Carina Double Wide Media Storage Towers in Natural & Black,29.1528,9,West,39353,729,Consumer,2012-09-04 00:00:00.000,Standard Class,48.16,California,Storage,2012,North America,35
Office Supplies,Los Angeles,United States,CB-120254,Cassandra Brandow,0.0,US,1,2012-08-28 00:00:00.000,CA-2012-121188,Medium,OFF-ST-10001490,"Hot File 7-Pocket, Floor Stand",267.705,5,West,39351,892,Consumer,2012-09-04 00:00:00.000,Standard Class,85.38,California,Storage,2012,North America,35
Office Supplies,Los Angeles,United States,GB-145304,George Bell,0.0,US,1,2012-09-18 00:00:00.000,CA-2012-167745,Medium,OFF-SU-10004782,"Elite 5"" Scissors",5.07,2,West,35056,17,Corporate,2012-09-23 00:00:00.000,Standard Class,0.77,California,Supplies,2012,North America,38
Office Supplies,Los Angeles,United States,SC-204404,Shaun Chance,0.0,US,1,2012-09-24 00:00:00.000,CA-2012-103835,Medium,OFF-AP-10002651,Hoover Upright Vacuum With Dirt Cup,335.8548,4,West,37068,1158,Corporate,2012-09-28 00:00:00.000,Standard Class,56.16,California,Appliances,2012,North America,39
Office Supplies,Los Angeles,United States,RP-198554,Roy Phan,0.0,US,1,2012-09-28 00:00:00.000,CA-2012-129546,Medium,OFF-AP-10002495,"Acco Smartsocket Table Surge Protector, 6 Color-Coded Adapter Outlets",55.845,3,West,40748,186,Corporate,2012-10-05 00:00:00.000,Standard Class,12.14,California,Appliances,2012,North America,39
Office Supplies,Los Angeles,United States,RP-198554,Roy Phan,0.0,US,1,2012-09-28 00:00:00.000,CA-2012-129546,Medium,OFF-SU-10004884,Acme Galleria Hot Forged Steel Scissors with Colored Handles,13.6851,3,West,40750,47,Corporate,2012-10-05 00:00:00.000,Standard Class,3.51,California,Supplies,2012,North America,39
Office Supplies,Los Angeles,United States,RM-196754,Robert Marley,0.0,US,1,2012-10-19 00:00:00.000,CA-2012-160171,Medium,OFF-AP-10000275,"Sanyo Counter Height Refrigerator with Crisper, 3.6 Cubic Foot, Stainless Steel/Black",459.396,5,West,36731,1641,Home Office,2012-10-24 00:00:00.000,Standard Class,99.85,California,Appliances,2012,North America,42
Office Supplies,Los Angeles,United States,TS-213404,Toby Swindell,0.0,US,1,2012-11-24 00:00:00.000,CA-2012-153416,Medium,OFF-ST-10000060,Fellowes Bankers Box Staxonsteel Drawer File/Stacking System,54.5832,7,West,35415,455,Consumer,2012-11-29 00:00:00.000,Standard Class,42.98,California,Storage,2012,North America,47
Office Supplies,Los Angeles,United States,GB-145304,George Bell,0.0,US,1,2012-12-05 00:00:00.000,CA-2012-149566,Medium,OFF-LA-10000452,Avery 488,6.048,4,West,39845,13,Corporate,2012-12-10 00:00:00.000,Standard Class,0.48,California,Labels,2012,North America,49
Office Supplies,Los Angeles,United States,KT-164654,Kean Takahito,0.0,US,1,2012-12-24 00:00:00.000,CA-2012-158456,Medium,OFF-FA-10004854,"Vinyl Coated Wire Paper Clips in Organizer Box, 800/Box",21.5824,4,West,34256,46,Consumer,2012-12-29 00:00:00.000,Standard Class,0.38,California,Fasteners,2012,North America,52
Office Supplies,Los Angeles,United States,CL-125654,Clay Ludtke,0.0,US,1,2012-12-30 00:00:00.000,CA-2012-135580,Medium,OFF-EN-10003296,Tyvek Side-Opening Peel & Seel Expanding Envelopes,122.148,3,West,37308,271,Consumer,2013-01-03 00:00:00.000,Standard Class,16.48,California,Envelopes,2012,North America,53
Office Supplies,Los Angeles,United States,CL-125654,Clay Ludtke,0.0,US,1,2012-12-30 00:00:00.000,CA-2012-135580,Medium,OFF-ST-10000798,2300 Heavy-Duty Transfer File Systems by Perma,14.2386,3,West,37306,75,Consumer,2013-01-03 00:00:00.000,Standard Class,4.91,California,Storage,2012,North America,53
Office Supplies,Los Angeles,United States,JB-154004,Jennifer Braxton,0.0,US,1,2013-02-04 00:00:00.000,CA-2013-101189,Medium,OFF-ST-10004180,Safco Commercial Shelving,3.7208,2,West,40817,93,Corporate,2013-02-09 00:00:00.000,Standard Class,6.61,California,Storage,2013,North America,6
Office Supplies,Los Angeles,United States,TZ-215804,Tracy Zic,0.0,US,1,2013-02-22 00:00:00.000,US-2013-143280,Medium,OFF-FA-10000992,"Acco Clips to Go Binder Clips, 24 Clips in Two Sizes",5.0055,3,West,36703,11,Consumer,2013-02-26 00:00:00.000,Standard Class,1.21,California,Fasteners,2013,North America,8
Office Supplies,Los Angeles,United States,BF-110054,Barry Franz,0.0,US,1,2013-05-06 00:00:00.000,CA-2013-137729,Medium,OFF-ST-10001505,"Perma STOR-ALL Hanging File Box, 13 1/8""W x 12 1/4""D x 10 1/2""H",1.0166,1,West,33885,6,Home Office,2013-05-10 00:00:00.000,Standard Class,0.24,California,Storage,2013,North America,19
Office Supplies,Los Angeles,United States,RB-197954,Ross Baird,0.0,US,1,2013-06-07 00:00:00.000,US-2013-155971,Medium,OFF-LA-10000452,Avery 488,10.584,7,West,40416,22,Home Office,2013-06-13 00:00:00.000,Standard Class,1.72,California,Labels,2013,North America,23
Office Supplies,Los Angeles,United States,OT-187304,Olvera Toch,0.0,US,1,2013-06-11 00:00:00.000,CA-2013-113243,Medium,OFF-LA-10001297,Avery 473,9.936,2,West,31853,21,Consumer,2013-06-16 00:00:00.000,Standard Class,0.9,California,Labels,2013,North America,24
Office Supplies,Los Angeles,United States,AS-102404,Alan Shonely,0.0,US,1,2013-06-26 00:00:00.000,CA-2013-118913,Medium,OFF-AP-10000692,Fellowes Mighty 8 Compact Surge Protector,17.0268,3,West,33487,61,Consumer,2013-06-30 00:00:00.000,Standard Class,4.29,California,Appliances,2013,North America,26
Office Supplies,Los Angeles,United States,RA-198854,Ruben Ausman,0.0,US,1,2013-07-18 00:00:00.000,CA-2013-101343,Medium,OFF-ST-10003479,"Eldon Base for stackable storage shelf, platinum",3.894,2,West,31339,78,Corporate,2013-07-23 00:00:00.000,Standard Class,4.31,California,Storage,2013,North America,29
Office Supplies,Los Angeles,United States,KM-166604,Khloe Miller,0.0,US,1,2013-07-29 00:00:00.000,CA-2013-140046,Medium,OFF-LA-10000305,Avery 495,8.694,3,West,38223,19,Consumer,2013-08-04 00:00:00.000,Standard Class,1.24,California,Labels,2013,North America,31
Office Supplies,Los Angeles,United States,CA-120554,Cathy Armstrong,0.0,US,1,2013-08-09 00:00:00.000,CA-2013-107328,Medium,OFF-AP-10004487,Kensington 4 Outlet MasterPiece Compact Power Control Center,136.6176,6,West,34794,488,Home Office,2013-08-16 00:00:00.000,Standard Class,36.22,California,Appliances,2013,North America,32
Office Supplies,Los Angeles,United States,LR-169154,Lena Radford,0.0,US,1,2013-09-03 00:00:00.000,CA-2013-126732,Medium,OFF-ST-10000321,Akro Stacking Bins,0.9468,3,West,40530,24,Consumer,2013-09-07 00:00:00.000,Standard Class,1.34,California,Storage,2013,North America,36
Office Supplies,Los Angeles,United States,EH-137654,Edward Hooks,0.0,US,1,2013-09-25 00:00:00.000,CA-2013-100944,Medium,OFF-EN-10001453,"Tyvek Interoffice Envelopes, 9 1/2"" x 12 1/2"", 100/Box",143.303,5,West,37580,305,Corporate,2013-09-29 00:00:00.000,Standard Class,14.71,California,Envelopes,2013,North America,39
Office Supplies,Los Angeles,United States,CS-119504,Carlos Soltero,0.0,US,1,2013-10-22 00:00:00.000,CA-2013-161746,Medium,OFF-ST-10002743,SAFCO Boltless Steel Shelving,3.4092,3,West,41006,341,Consumer,2013-10-28 00:00:00.000,Standard Class,29.78,California,Storage,2013,North America,43
Office Supplies,Los Angeles,United States,JD-158954,Jonathan Doherty,0.0,US,1,2013-11-01 00:00:00.000,CA-2013-144218,Medium,OFF-ST-10002615,"Dual Level, Single-Width Filing Carts",282.2092,7,West,35083,1085,Corporate,2013-11-05 00:00:00.000,Standard Class,64.42,California,Storage,2013,North America,44
Office Supplies,Los Angeles,United States,XP-218654,Xylona Preis,0.0,US,1,2013-11-04 00:00:00.000,CA-2013-109365,Medium,OFF-AP-10002998,Holmes 99% HEPA Air Purifier,14.2956,2,West,35778,43,Consumer,2013-11-09 00:00:00.000,Standard Class,4.21,California,Appliances,2013,North America,45
Office Supplies,Los Angeles,United States,XP-218654,Xylona Preis,0.0,US,1,2013-11-04 00:00:00.000,CA-2013-109365,Medium,OFF-FA-10001561,Stockwell Push Pins,5.0358,7,West,35777,15,Consumer,2013-11-09 00:00:00.000,Standard Class,1.34,California,Fasteners,2013,North America,45
Office Supplies,Los Angeles,United States,MC-176054,Matt Connell,0.0,US,1,2013-11-21 00:00:00.000,CA-2013-145492,Medium,OFF-AP-10003622,"Bravo II Megaboss 12-Amp Hard Body Upright, Replacement Belts, 2 Belts per Pack",11.31,12,West,36694,39,Corporate,2013-11-28 00:00:00.000,Standard Class,2.35,California,Appliances,2013,North America,47
Office Supplies,Los Angeles,United States,MS-173654,Maribeth Schnelling,0.0,US,1,2013-11-27 00:00:00.000,CA-2013-107104,Medium,OFF-AP-10000055,Belkin F9S820V06 8 Outlet Surge,19.488,2,West,40948,65,Consumer,2013-12-01 00:00:00.000,Standard Class,3.16,California,Appliances,2013,North America,48
Office Supplies,Los Angeles,United States,GM-144404,Gary McGarr,0.0,US,1,2013-12-04 00:00:00.000,CA-2013-161025,Medium,OFF-ST-10001932,Fellowes Staxonsteel Drawer Files,108.1752,4,West,37456,773,Consumer,2013-12-10 00:00:00.000,Standard Class,53.32,California,Storage,2013,North America,49
Office Supplies,Los Angeles,United States,AP-107204,Anne Pryor,0.0,US,1,2013-12-07 00:00:00.000,US-2013-103674,Medium,OFF-FA-10003467,"Alliance Big Bands Rubber Bands, 12/Pack",0.0,7,West,41274,14,Home Office,2013-12-11 00:00:00.000,Standard Class,1.25,California,Fasteners,2013,North America,49
Office Supplies,Los Angeles,United States,MC-181304,Mike Caudle,0.0,US,1,2013-12-27 00:00:00.000,CA-2013-129868,Medium,OFF-AP-10004052,"Hoover Replacement Belts For Soft Guard & Commercial Ltweight Upright Vacs, 2/Pk",2.054,2,West,35890,8,Corporate,2014-01-01 00:00:00.000,Standard Class,0.54,California,Appliances,2013,North America,52
Office Supplies,Los Angeles,United States,MC-181304,Mike Caudle,0.0,US,1,2013-12-27 00:00:00.000,CA-2013-129868,Medium,OFF-SU-10000952,Fiskars Home & Office Scissors,4.9728,2,West,35887,18,Corporate,2014-01-01 00:00:00.000,Standard Class,1.23,California,Supplies,2013,North America,52
Office Supplies,Los Angeles,United States,JL-158354,John Lee,0.0,US,1,2014-02-03 00:00:00.000,CA-2014-161333,Medium,OFF-AP-10000252,Harmony HEPA Quiet Air Purifiers,16.38,4,West,36443,47,Consumer,2014-02-08 00:00:00.000,Standard Class,2.86,California,Appliances,2014,North America,6
Office Supplies,Los Angeles,United States,JL-158354,John Lee,0.0,US,1,2014-02-03 00:00:00.000,CA-2014-161333,Medium,OFF-ST-10000464,"Multi-Use Personal File Cart and Caster Set, Three Stacking Bins",38.9312,4,West,36442,139,Consumer,2014-02-08 00:00:00.000,Standard Class,7.18,California,Storage,2014,North America,6
Office Supplies,Los Angeles,United States,SP-208604,Sung Pak,0.0,US,1,2014-03-05 00:00:00.000,CA-2014-110478,Medium,OFF-EN-10000483,"White Envelopes, White Envelopes with Clear Poly Window",7.015,1,West,31717,15,Corporate,2014-03-10 00:00:00.000,Standard Class,1.53,California,Envelopes,2014,North America,10
Office Supplies,Los Angeles,United States,BP-110504,Barry Pond,0.0,US,1,2014-03-19 00:00:00.000,CA-2014-143084,Medium,OFF-EN-10003072,Peel & Seel Envelopes,9.312,5,West,40311,19,Corporate,2014-03-23 00:00:00.000,Standard Class,1.76,California,Envelopes,2014,North America,12
Office Supplies,Los Angeles,United States,GZ-145454,George Zrebassa,0.0,US,1,2014-03-20 00:00:00.000,CA-2014-140515,Medium,OFF-AP-10001205,Belkin 5 Outlet SurgeMaster Power Centers,106.7808,7,West,40524,381,Corporate,2014-03-25 00:00:00.000,Standard Class,21.55,California,Appliances,2014,North America,12
Office Supplies,Los Angeles,United States,PS-187604,Pamela Stobb,0.0,US,1,2014-04-18 00:00:00.000,CA-2014-128965,Medium,OFF-FA-10001561,Stockwell Push Pins,3.597,5,West,38156,11,Consumer,2014-04-23 00:00:00.000,Standard Class,0.69,California,Fasteners,2014,North America,16
Office Supplies,Los Angeles,United States,PS-187604,Pamela Stobb,0.0,US,1,2014-04-18 00:00:00.000,CA-2014-128965,Medium,OFF-LA-10003190,Avery 474,11.2896,8,West,38158,23,Consumer,2014-04-23 00:00:00.000,Standard Class,2.01,California,Labels,2014,North America,16
Office Supplies,Los Angeles,United States,PS-187604,Pamela Stobb,0.0,US,1,2014-04-18 00:00:00.000,CA-2014-128965,Medium,OFF-LA-10001404,Avery 517,3.4686,2,West,38155,7,Consumer,2014-04-23 00:00:00.000,Standard Class,0.62,California,Labels,2014,North America,16
Office Supplies,Los Angeles,United States,RD-195854,Rob Dowd,0.0,US,1,2014-07-04 00:00:00.000,CA-2014-139437,Medium,OFF-ST-10002485,Rogers Deluxe File Chest,0.8792,4,West,37449,88,Consumer,2014-07-09 00:00:00.000,Standard Class,6.23,California,Storage,2014,North America,27
Office Supplies,Los Angeles,United States,AT-107354,Annie Thurman,0.0,US,1,2014-07-08 00:00:00.000,CA-2014-106824,Medium,OFF-FA-10001135,"Brites Rubber Bands, 1 1/2 oz. Box",0.1188,3,West,39788,6,Consumer,2014-07-12 00:00:00.000,Standard Class,0.39,California,Fasteners,2014,North America,28
Office Supplies,Los Angeles,United States,KB-162404,Karen Bern,0.0,US,1,2014-07-12 00:00:00.000,CA-2014-162012,Medium,OFF-AP-10003040,Fellowes 8 Outlet Superior Workstation Surge Protector w/o Phone/Fax/Modem Protection,43.706,5,West,39884,168,Corporate,2014-07-19 00:00:00.000,Standard Class,10.21,California,Appliances,2014,North America,28
Office Supplies,Los Angeles,United States,TH-212354,Tiffany House,0.0,US,1,2014-09-05 00:00:00.000,CA-2014-117261,Medium,OFF-ST-10000419,"Rogers Jumbo File, Granite",0.5432,4,West,35593,54,Corporate,2014-09-11 00:00:00.000,Standard Class,3.88,California,Storage,2014,North America,36
Office Supplies,Los Angeles,United States,CS-125054,Cindy Stewart,0.0,US,1,2014-11-03 00:00:00.000,US-2014-115609,Medium,OFF-AP-10003040,Fellowes 8 Outlet Superior Workstation Surge Protector w/o Phone/Fax/Modem Protection,43.706,5,West,38119,168,Consumer,2014-11-08 00:00:00.000,Standard Class,10.3,California,Appliances,2014,North America,45
Office Supplies,Los Angeles,United States,ZC-219104,Zuschuss Carroll,0.0,US,1,2014-11-07 00:00:00.000,CA-2014-100013,Medium,OFF-EN-10001219,"#10- 4 1/8"" x 9 1/2"" Security-Tint Envelopes",7.4872,2,West,32525,15,Consumer,2014-11-12 00:00:00.000,Standard Class,1.03,California,Envelopes,2014,North America,45
Office Supplies,Los Angeles,United States,GA-147254,Guy Armstrong,0.0,US,1,2014-11-12 00:00:00.000,CA-2014-110842,Medium,OFF-AP-10003971,Belkin 6 Outlet Metallic Surge Strip,2.8314,1,West,34132,11,Consumer,2014-11-17 00:00:00.000,Standard Class,0.85,California,Appliances,2014,North America,46
Office Supplies,Los Angeles,United States,MC-181004,Mick Crebagga,0.0,US,1,2014-11-20 00:00:00.000,CA-2014-126242,Medium,OFF-ST-10000675,"File Shuttle II and Handi-File, Black",76.2525,9,West,34240,305,Consumer,2014-11-25 00:00:00.000,Standard Class,12.16,California,Storage,2014,North America,47
Office Supplies,Los Angeles,United States,FH-143654,Fred Hopkins,0.0,US,1,2014-12-26 00:00:00.000,CA-2014-121398,Medium,OFF-ST-10002756,"Tennsco Stur-D-Stor Boltless Shelving, 5 Shelves, 24"" Deep, Sand",2.7062,2,West,37372,271,Corporate,2014-12-30 00:00:00.000,Standard Class,16.73,California,Storage,2014,North America,52
Office Supplies,San Francisco,United States,BD-116054,Brian Dahlen,0.0,US,1,2011-01-14 00:00:00.000,CA-2011-157147,High,OFF-AR-10003514,4009 Highlighters by Sanford,6.567,5,West,36236,20,Consumer,2011-01-19 00:00:00.000,Standard Class,3.03,California,Art,2011,North America,3
Office Supplies,San Francisco,United States,BD-116054,Brian Dahlen,0.0,US,1,2011-01-14 00:00:00.000,CA-2011-157147,High,OFF-ST-10000078,Tennsco 6- and 18-Compartment Lockers,238.653,5,West,36234,1326,Consumer,2011-01-19 00:00:00.000,Standard Class,187.65,California,Storage,2011,North America,3
Office Supplies,San Francisco,United States,CA-122654,Christina Anderson,0.0,US,1,2011-03-25 00:00:00.000,CA-2011-128237,Medium,OFF-AR-10000034,"BIC Brite Liner Grip Highlighters, Assorted, 5/Pack",9.9216,6,West,40606,25,Consumer,2011-03-30 00:00:00.000,Standard Class,2.03,California,Art,2011,North America,13
Office Supplies,San Francisco,United States,CA-122654,Christina Anderson,0.0,US,1,2011-03-25 00:00:00.000,CA-2011-128237,Medium,OFF-AR-10003338,"Eberhard Faber 3 1/2"" Golf Pencils",3.72,2,West,40604,15,Consumer,2011-03-30 00:00:00.000,Standard Class,1.35,California,Art,2011,North America,13
Office Supplies,San Francisco,United States,CA-122654,Christina Anderson,0.0,US,1,2011-03-25 00:00:00.000,CA-2011-128237,Medium,OFF-AR-10003829,Newell 35,1.9024,2,West,40603,7,Consumer,2011-03-30 00:00:00.000,Standard Class,0.46,California,Art,2011,North America,13
Office Supplies,San Francisco,United States,DK-128354,Damala Kotsonis,0.0,US,1,2011-03-26 00:00:00.000,CA-2011-141838,High,OFF-AR-10004272,Newell 308,0.84,2,West,40348,3,Corporate,2011-03-31 00:00:00.000,Second Class,0.19,California,Art,2011,North America,13
Office Supplies,San Francisco,United States,AA-103154,Alex Avila,0.0,US,1,2011-03-31 00:00:00.000,CA-2011-128055,Medium,OFF-AP-10002765,Fellowes Advanced Computer Series Surge Protectors,14.8344,2,West,33527,53,Consumer,2011-04-05 00:00:00.000,Standard Class,3.17,California,Appliances,2011,North America,14
Office Supplies,San Francisco,United States,PK-189104,Paul Knutson,0.0,US,1,2011-04-04 00:00:00.000,CA-2011-105172,High,OFF-LA-10001641,Avery 518,9.072,6,West,32857,19,Home Office,2011-04-09 00:00:00.000,Standard Class,2.66,California,Labels,2011,North America,15
Office Supplies,San Francisco,United States,CM-124454,Chuck Magee,0.0,US,1,2011-06-09 00:00:00.000,CA-2011-133851,Low,OFF-AR-10003752,Deluxe Chalkboard Eraser Cleaner,10.626,2,West,32158,23,Consumer,2011-06-16 00:00:00.000,Standard Class,2.24,California,Art,2011,North America,24
Office Supplies,San Francisco,United States,CM-124454,Chuck Magee,0.0,US,1,2011-06-09 00:00:00.000,CA-2011-133851,Low,OFF-SU-10001225,Staples,0.1472,2,West,32157,7,Consumer,2011-06-16 00:00:00.000,Standard Class,0.84,California,Supplies,2011,North America,24
Office Supplies,San Francisco,United States,DS-130304,Darrin Sayre,0.0,US,1,2011-07-09 00:00:00.000,CA-2011-113271,Medium,OFF-AR-10003251,Prang Drawing Pencil Set,2.224,2,West,40541,6,Home Office,2011-07-14 00:00:00.000,Standard Class,0.28,California,Art,2011,North America,28
Office Supplies,San Francisco,United States,ME-180104,Michelle Ellison,0.0,US,1,2011-07-21 00:00:00.000,CA-2011-116932,Medium,OFF-AR-10002067,Newell 334,25.792,5,West,33167,99,Corporate,2011-07-25 00:00:00.000,Standard Class,7.53,California,Art,2011,North America,30
Office Supplies,San Francisco,United States,NP-183254,Naresj Patel,0.0,US,1,2011-07-22 00:00:00.000,CA-2011-117464,High,OFF-AR-10003190,Newell 32,3.2256,4,West,38463,12,Consumer,2011-07-24 00:00:00.000,Second Class,1.92,California,Art,2011,North America,30
Office Supplies,San Francisco,United States,NP-183254,Naresj Patel,0.0,US,1,2011-07-22 00:00:00.000,CA-2011-117464,High,OFF-ST-10003058,Eldon Mobile Mega Data Cart  Mega Stackable  Add-On Trays,68.585,10,West,38465,237,Consumer,2011-07-24 00:00:00.000,Second Class,28.62,California,Storage,2011,North America,30
Office Supplies,San Francisco,United States,NC-185354,Nick Crebassa,0.0,US,1,2011-07-23 00:00:00.000,CA-2011-145254,High,OFF-SU-10004664,Acme Softgrip Scissors,11.803,5,West,40719,41,Corporate,2011-07-27 00:00:00.000,Standard Class,3.27,California,Supplies,2011,North America,30
Office Supplies,San Francisco,United States,KL-166454,Ken Lonsdale,0.0,US,1,2011-07-25 00:00:00.000,CA-2011-143917,High,OFF-ST-10001228,"Fellowes Personal Hanging Folder Files, Navy",15.0416,4,West,33801,54,Consumer,2011-07-27 00:00:00.000,Second Class,5.53,California,Storage,2011,North America,31
Office Supplies,San Francisco,United States,KL-166454,Ken Lonsdale,0.0,US,1,2011-07-25 00:00:00.000,CA-2011-143917,High,OFF-SU-10000151,High Speed Automatic Electric Letter Opener,327.506,5,West,33802,8188,Consumer,2011-07-27 00:00:00.000,Second Class,16.77,California,Supplies,2011,North America,31
Office Supplies,San Francisco,United States,SS-205904,Sonia Sunley,0.0,US,1,2011-08-05 00:00:00.000,CA-2011-150490,Medium,OFF-AR-10004602,Boston KS Multi-Size Manual Pencil Sharpener,12.8744,2,West,36656,46,Consumer,2011-08-11 00:00:00.000,Standard Class,4.43,California,Art,2011,North America,32
Office Supplies,San Francisco,United States,SS-205904,Sonia Sunley,0.0,US,1,2011-08-05 00:00:00.000,CA-2011-150490,Medium,OFF-ST-10000321,Akro Stacking Bins,0.6312,2,West,36655,16,Consumer,2011-08-11 00:00:00.000,Standard Class,0.29,California,Storage,2011,North America,32
Office Supplies,San Francisco,United States,BD-116054,Brian Dahlen,0.0,US,1,2011-08-15 00:00:00.000,US-2011-164406,High,OFF-AP-10003287,Tripp Lite TLP810NET Broadband Surge for Modem/Fax,42.8148,3,West,41119,153,Consumer,2011-08-19 00:00:00.000,Standard Class,20.47,California,Appliances,2011,North America,34
Office Supplies,San Francisco,United States,ZD-219254,Zuschuss Donatelli,0.0,US,1,2011-08-27 00:00:00.000,CA-2011-143336,High,OFF-AR-10003056,Newell 341,2.4824,2,West,31315,9,Consumer,2011-09-01 00:00:00.000,Second Class,1.58,California,Art,2011,North America,35
Office Supplies,San Francisco,United States,VP-217604,Victoria Pisteka,0.0,US,1,2011-09-06 00:00:00.000,CA-2011-130449,Medium,OFF-LA-10001934,Avery 516,27.4856,8,West,37920,58,Corporate,2011-09-09 00:00:00.000,First Class,3.81,California,Labels,2011,North America,37
Office Supplies,San Francisco,United States,DP-133904,Dennis Pardue,0.0,US,1,2011-09-08 00:00:00.000,CA-2011-168592,Medium,OFF-AP-10004785,"Holmes Replacement Filter for HEPA Air Cleaner, Medium Room",24.3595,5,West,34746,57,Home Office,2011-09-14 00:00:00.000,Standard Class,5.59,California,Appliances,2011,North America,37
Office Supplies,San Francisco,United States,DP-133904,Dennis Pardue,0.0,US,1,2011-09-08 00:00:00.000,CA-2011-168592,Medium,OFF-FA-10002988,Ideal Clamps,1.9698,2,West,34748,4,Home Office,2011-09-14 00:00:00.000,Standard Class,0.29,California,Fasteners,2011,North America,37
Office Supplies,San Francisco,United States,DP-133904,Dennis Pardue,0.0,US,1,2011-09-08 00:00:00.000,CA-2011-168592,Medium,OFF-ST-10002406,Pizazz Global Quick File,4.1916,1,West,34747,15,Home Office,2011-09-14 00:00:00.000,Standard Class,1.26,California,Storage,2011,North America,37
Office Supplies,San Francisco,United States,JK-156404,Jim Kriz,0.0,US,1,2011-09-19 00:00:00.000,CA-2011-159849,High,OFF-FA-10000053,Revere Boxed Rubber Bands by Revere,0.1134,3,West,39871,6,Home Office,2011-09-19 00:00:00.000,Same Day,0.67,California,Fasteners,2011,North America,39
Office Supplies,San Francisco,United States,ES-140204,Erica Smith,0.0,US,1,2011-09-20 00:00:00.000,CA-2011-156433,Medium,OFF-LA-10001569,Avery 499,4.5816,2,West,32090,10,Consumer,2011-09-26 00:00:00.000,Standard Class,0.2,California,Labels,2011,North America,39
Office Supplies,San Francisco,United States,HF-149954,Herbert Flentye,0.0,US,1,2011-09-21 00:00:00.000,CA-2011-153969,High,OFF-AR-10001615,Newell 34,15.4752,3,West,34460,60,Consumer,2011-09-25 00:00:00.000,Standard Class,6.51,California,Art,2011,North America,39
Office Supplies,San Francisco,United States,HF-149954,Herbert Flentye,0.0,US,1,2011-09-21 00:00:00.000,CA-2011-153969,High,OFF-EN-10004483,"#10 White Business Envelopes,4 1/8 x 9 1/2",36.8245,5,West,34459,78,Consumer,2011-09-25 00:00:00.000,Standard Class,7.85,California,Envelopes,2011,North America,39
Office Supplies,San Francisco,United States,HF-149954,Herbert Flentye,0.0,US,1,2011-09-21 00:00:00.000,CA-2011-153969,High,OFF-EN-10001539,Staples,7.3132,2,West,34458,16,Consumer,2011-09-25 00:00:00.000,Standard Class,2.3,California,Envelopes,2011,North America,39
Office Supplies,San Francisco,United States,JD-160604,Julia Dunbar,0.0,US,1,2011-09-24 00:00:00.000,CA-2011-123344,Medium,OFF-ST-10001713,"Gould Plastics 9-Pocket Panel Bin, 18-3/8w x 5-1/4d x 20-1/2h, Black",8.4784,4,West,31662,212,Consumer,2011-09-29 00:00:00.000,Standard Class,7.99,California,Storage,2011,North America,39
Office Supplies,San Francisco,United States,SJ-205004,Shirley Jackson,0.0,US,1,2011-10-09 00:00:00.000,CA-2011-138240,Medium,OFF-AR-10002135,Boston Heavy-Duty Trimline Electric Pencil Sharpeners,41.934,3,West,40755,145,Consumer,2011-10-14 00:00:00.000,Standard Class,8.56,California,Art,2011,North America,42
Office Supplies,San Francisco,United States,DN-136904,Duane Noonan,0.0,US,1,2011-10-12 00:00:00.000,CA-2011-139451,Medium,OFF-AR-10002053,"Premium Writing Pencils, Soft, #2 by Central Association for the Blind",4.172,5,West,31378,15,Consumer,2011-10-16 00:00:00.000,Standard Class,0.45,California,Art,2011,North America,42
Office Supplies,San Francisco,United States,DN-136904,Duane Noonan,0.0,US,1,2011-10-12 00:00:00.000,CA-2011-139451,Medium,OFF-ST-10002370,"Sortfiler Multipurpose Personal File Organizer, Black",6.2031,1,West,31379,21,Consumer,2011-10-16 00:00:00.000,Standard Class,1.54,California,Storage,2011,North America,42
Office Supplies,San Francisco,United States,RP-192704,Rachel Payne,0.0,US,1,2011-10-19 00:00:00.000,CA-2011-155264,Medium,OFF-LA-10002787,Avery 480,9.0,5,West,40637,19,Corporate,2011-10-22 00:00:00.000,Second Class,2.31,California,Labels,2011,North America,43
Office Supplies,San Francisco,United States,SH-203954,Shahid Hopkins,0.0,US,1,2011-11-02 00:00:00.000,CA-2011-115889,High,OFF-ST-10003208,Adjustable Depth Letter/Legal Cart,105.2468,2,West,38804,363,Consumer,2011-11-06 00:00:00.000,Standard Class,34.38,California,Storage,2011,North America,45
Office Supplies,San Francisco,United States,JP-155204,Jeremy Pistek,0.0,US,1,2011-11-09 00:00:00.000,CA-2011-144666,Critical,OFF-ST-10001321,"Decoflex Hanging Personal Folder File, Blue",24.9804,6,West,31771,93,Consumer,2011-11-11 00:00:00.000,Second Class,21.12,California,Storage,2011,North America,46
Office Supplies,San Francisco,United States,JP-155204,Jeremy Pistek,0.0,US,1,2011-11-09 00:00:00.000,CA-2011-144666,Critical,OFF-ST-10002743,SAFCO Boltless Steel Shelving,3.4092,3,West,31768,341,Consumer,2011-11-11 00:00:00.000,Second Class,51.9,California,Storage,2011,North America,46
Office Supplies,San Francisco,United States,SC-202604,Scott Cohen,0.0,US,1,2011-11-15 00:00:00.000,CA-2011-128622,Critical,OFF-SU-10001574,Acme Value Line Scissors,3.285,3,West,40242,11,Corporate,2011-11-17 00:00:00.000,Second Class,2.3,California,Supplies,2011,North America,47
Office Supplies,San Francisco,United States,TS-212054,Thomas Seio,0.0,US,1,2011-11-17 00:00:00.000,CA-2011-140662,High,OFF-AP-10001242,APC 7 Outlet Network SurgeArrest Surge Protector,72.432,3,West,34560,241,Corporate,2011-11-19 00:00:00.000,First Class,14.77,California,Appliances,2011,North America,47
Office Supplies,San Francisco,United States,DH-136754,Duane Huffman,0.0,US,1,2011-11-28 00:00:00.000,CA-2011-105249,Medium,OFF-LA-10002043,Avery 489,19.872,4,West,36790,41,Home Office,2011-11-28 00:00:00.000,Same Day,3.39,California,Labels,2011,North America,49
Office Supplies,San Francisco,United States,DH-136754,Duane Huffman,0.0,US,1,2011-11-28 00:00:00.000,CA-2011-105249,Medium,OFF-SU-10001225,Staples,0.1472,2,West,36789,7,Home Office,2011-11-28 00:00:00.000,Same Day,1.36,California,Supplies,2011,North America,49
Office Supplies,San Francisco,United States,SG-204704,Sheri Gordon,0.0,US,1,2011-11-28 00:00:00.000,CA-2011-159800,High,OFF-AP-10004859,Acco 6 Outlet Guardian Premium Surge Suppressor,11.7936,3,West,36845,44,Consumer,2011-12-01 00:00:00.000,First Class,3.95,California,Appliances,2011,North America,49
Office Supplies,San Francisco,United States,AH-102104,Alan Hwang,0.0,US,1,2011-11-29 00:00:00.000,CA-2011-153983,Medium,OFF-FA-10003495,Staples,15.2,5,West,35713,30,Consumer,2011-12-06 00:00:00.000,Standard Class,2.12,California,Fasteners,2011,North America,49
Office Supplies,San Francisco,United States,AJ-107954,Anthony Johnson,0.0,US,1,2011-12-29 00:00:00.000,CA-2011-110786,High,OFF-LA-10001474,Avery 477,126.3942,9,West,35339,275,Corporate,2012-01-02 00:00:00.000,Standard Class,0.2,California,Labels,2011,North America,53
Office Supplies,San Francisco,United States,JL-151754,James Lanier,0.0,US,1,2012-01-05 00:00:00.000,CA-2012-158701,Medium,OFF-AP-10004859,Acco 6 Outlet Guardian Premium Surge Suppressor,23.5872,6,West,39671,87,Home Office,2012-01-10 00:00:00.000,Standard Class,5.39,California,Appliances,2012,North America,1
Office Supplies,San Francisco,United States,GA-145154,George Ashbrook,0.0,US,1,2012-04-17 00:00:00.000,CA-2012-155306,High,OFF-AP-10002651,Hoover Upright Vacuum With Dirt Cup,419.8185,5,West,34052,1448,Consumer,2012-04-21 00:00:00.000,Standard Class,114.8,California,Appliances,2012,North America,16
Office Supplies,San Francisco,United States,GA-145154,George Ashbrook,0.0,US,1,2012-04-17 00:00:00.000,CA-2012-155306,High,OFF-AR-10003251,Prang Drawing Pencil Set,2.224,2,West,34049,6,Consumer,2012-04-21 00:00:00.000,Standard Class,0.33,California,Art,2012,North America,16
Office Supplies,San Francisco,United States,KB-165854,Ken Black,0.0,US,1,2012-04-30 00:00:00.000,CA-2012-103716,Medium,OFF-AR-10000658,Newell 324,9.702,3,West,37888,35,Corporate,2012-05-06 00:00:00.000,Standard Class,3.03,California,Art,2012,North America,18
Office Supplies,San Francisco,United States,PO-188504,Patrick O'Brill,0.0,US,1,2012-05-01 00:00:00.000,CA-2012-104486,High,OFF-ST-10000876,Eldon Simplefile Box Office,10.4496,3,West,37645,37,Consumer,2012-05-06 00:00:00.000,Standard Class,3.61,California,Storage,2012,North America,18
Office Supplies,San Francisco,United States,PO-188504,Patrick O'Brill,0.0,US,1,2012-05-01 00:00:00.000,CA-2012-104486,High,OFF-SU-10002573,"Acme 10"" Easy Grip Assistive Scissors",10.518,2,West,37646,35,Consumer,2012-05-06 00:00:00.000,Standard Class,5.55,California,Supplies,2012,North America,18
Office Supplies,San Francisco,United States,LC-168704,Lena Cacioppo,0.0,US,1,2012-05-03 00:00:00.000,CA-2012-150770,Critical,OFF-AR-10001246,Newell 317,2.5578,3,West,38513,9,Consumer,2012-05-06 00:00:00.000,First Class,2.23,California,Art,2012,North America,18
Office Supplies,San Francisco,United States,HA-149204,Helen Andreada,0.0,US,1,2012-07-26 00:00:00.000,CA-2012-136735,Low,OFF-EN-10002230,Airmail Envelopes,78.8942,2,West,35614,168,Consumer,2012-08-02 00:00:00.000,Standard Class,21.59,California,Envelopes,2012,North America,30
Office Supplies,San Francisco,United States,DS-131804,David Smith,0.0,US,1,2012-08-21 00:00:00.000,CA-2012-130456,Medium,OFF-ST-10000736,Carina Double Wide Media Storage Towers in Natural & Black,3.2392,1,West,35931,81,Corporate,2012-08-26 00:00:00.000,Standard Class,4.69,California,Storage,2012,North America,34
Office Supplies,San Francisco,United States,DB-131204,David Bremer,0.0,US,1,2012-09-03 00:00:00.000,CA-2012-130204,Low,OFF-ST-10001325,Sterilite Officeware Hinged File Box,8.4888,3,West,33034,31,Corporate,2012-09-09 00:00:00.000,Standard Class,4.69,California,Storage,2012,North America,36
Office Supplies,San Francisco,United States,RH-195104,Rick Huthwaite,0.0,US,1,2012-09-27 00:00:00.000,CA-2012-167255,High,OFF-ST-10001328,"Personal Filing Tote with Lid, Black/Gray",4.3428,1,West,38255,16,Home Office,2012-09-29 00:00:00.000,Second Class,1.95,California,Storage,2012,North America,39
Office Supplies,San Francisco,United States,HG-149654,Henry Goldwyn,0.0,US,1,2012-09-28 00:00:00.000,CA-2012-169201,Critical,OFF-AP-10002082,Holmes HEPA Air Purifier,15.246,2,West,33551,44,Corporate,2012-10-01 00:00:00.000,First Class,17.63,California,Appliances,2012,North America,39
Office Supplies,San Francisco,United States,HG-149654,Henry Goldwyn,0.0,US,1,2012-09-28 00:00:00.000,CA-2012-169201,Critical,OFF-AP-10000696,Holmes Odor Grabber,14.2758,3,West,33550,43,Corporate,2012-10-01 00:00:00.000,First Class,12.13,California,Appliances,2012,North America,39
Office Supplies,San Francisco,United States,AA-103154,Alex Avila,0.0,US,1,2012-10-04 00:00:00.000,CA-2012-121391,Critical,OFF-ST-10001590,"Tenex Personal Project File with Scoop Front Design, Black",7.0096,2,West,32596,27,Consumer,2012-10-07 00:00:00.000,First Class,5.23,California,Storage,2012,North America,40
Office Supplies,San Francisco,United States,TB-216254,Trudy Brown,0.0,US,1,2012-10-25 00:00:00.000,CA-2012-152891,Medium,OFF-AR-10004648,Boston 19500 Mighty Mite Electric Pencil Sharpener,16.3215,3,West,35677,60,Consumer,2012-10-30 00:00:00.000,Standard Class,2.59,California,Art,2012,North America,43
Office Supplies,San Francisco,United States,NB-186554,Nona Balk,0.0,US,1,2012-10-29 00:00:00.000,CA-2012-110289,High,OFF-EN-10001434,"Strathmore #10 Envelopes, Ultimate White",103.3116,4,West,37622,211,Corporate,2012-11-02 00:00:00.000,Standard Class,18.58,California,Envelopes,2012,North America,44
Office Supplies,San Francisco,United States,JM-161954,Justin MacKendrick,0.0,US,1,2012-11-05 00:00:00.000,CA-2012-145485,High,OFF-ST-10000649,Hanging Personal Folder File,15.7,4,West,36370,63,Consumer,2012-11-05 00:00:00.000,Same Day,11.68,California,Storage,2012,North America,45
Office Supplies,San Francisco,United States,AJ-109454,Ashley Jarboe,0.0,US,1,2012-11-28 00:00:00.000,CA-2012-164497,Medium,OFF-AP-10004655,"Holmes Visible Mist Ultrasonic Humidifier with 2.3-Gallon Output per Day, Replacement Filter",15.3952,4,West,40626,45,Consumer,2012-11-30 00:00:00.000,First Class,0.16,California,Appliances,2012,North America,48
Office Supplies,San Francisco,United States,AF-108704,Art Ferguson,0.0,US,1,2012-12-06 00:00:00.000,CA-2012-168634,Medium,OFF-AP-10001626,"Commercial WindTunnel Clean Air Upright Vacuum, Replacement Belts, Filtration Bags",2.0228,2,West,36905,8,Consumer,2012-12-11 00:00:00.000,Standard Class,0.67,California,Appliances,2012,North America,49
Office Supplies,San Francisco,United States,MT-178154,Meg Tillman,0.0,US,1,2012-12-10 00:00:00.000,CA-2012-127502,Medium,OFF-LA-10001613,Avery File Folder Labels,2.8224,2,West,39388,6,Consumer,2012-12-14 00:00:00.000,Standard Class,0.27,California,Labels,2012,North America,50
Office Supplies,San Francisco,United States,AH-100304,Aaron Hawkins,0.0,US,1,2012-12-27 00:00:00.000,CA-2012-130113,Medium,OFF-ST-10000046,Fellowes Super Stor/Drawer Files,61.389,2,West,40976,323,Corporate,2012-12-31 00:00:00.000,Standard Class,26.7,California,Storage,2012,North America,52
Office Supplies,San Francisco,United States,SC-207254,Steven Cartwright,0.0,US,1,2013-01-30 00:00:00.000,CA-2013-153661,Medium,OFF-LA-10004689,Avery 512,12.2247,9,West,38588,26,Consumer,2013-01-31 00:00:00.000,First Class,2.51,California,Labels,2013,North America,5
Office Supplies,San Francisco,United States,SC-207254,Steven Cartwright,0.0,US,1,2013-01-30 00:00:00.000,CA-2013-153661,Medium,OFF-ST-10000675,"File Shuttle II and Handi-File, Black",76.2525,9,West,38586,305,Consumer,2013-01-31 00:00:00.000,First Class,34.33,California,Storage,2013,North America,5
Office Supplies,San Francisco,United States,TS-211604,Theresa Swint,0.0,US,1,2013-03-04 00:00:00.000,CA-2013-120005,High,OFF-SU-10004782,"Elite 5"" Scissors",7.605,3,West,36044,25,Corporate,2013-03-04 00:00:00.000,Same Day,3.5,California,Supplies,2013,North America,10
Office Supplies,San Francisco,United States,DK-132254,Dean Katz,0.0,US,1,2013-03-13 00:00:00.000,CA-2013-127138,Medium,OFF-AP-10003842,Euro-Pro Shark Turbo Vacuum,40.274,5,West,37254,155,Corporate,2013-03-16 00:00:00.000,Second Class,6.36,California,Appliances,2013,North America,11
Office Supplies,San Francisco,United States,DK-132254,Dean Katz,0.0,US,1,2013-03-13 00:00:00.000,CA-2013-127138,Medium,OFF-EN-10004459,Security-Tint Envelopes,14.9744,4,West,37255,31,Corporate,2013-03-16 00:00:00.000,Second Class,1.8,California,Envelopes,2013,North America,11
Office Supplies,San Francisco,United States,DK-132254,Dean Katz,0.0,US,1,2013-03-13 00:00:00.000,CA-2013-127138,Medium,OFF-ST-10002756,"Tennsco Stur-D-Stor Boltless Shelving, 5 Shelves, 24"" Deep, Sand",6.7655,5,West,37253,677,Corporate,2013-03-16 00:00:00.000,Second Class,18.47,California,Storage,2013,North America,11
Office Supplies,San Francisco,United States,EH-137654,Edward Hooks,0.0,US,1,2013-03-14 00:00:00.000,CA-2013-136301,Critical,OFF-SU-10000151,High Speed Automatic Electric Letter Opener,196.5036,3,West,37181,4913,Corporate,2013-03-16 00:00:00.000,Second Class,56.09,California,Supplies,2013,North America,11
Office Supplies,San Francisco,United States,BT-116804,Brian Thompson,0.0,US,1,2013-04-11 00:00:00.000,CA-2013-123358,Medium,OFF-AP-10004980,3M Replacement Filter for Office Air Cleaner for 20' x 33' Room,44.3664,3,West,38032,114,Consumer,2013-04-18 00:00:00.000,Standard Class,10.27,California,Appliances,2013,North America,15
Office Supplies,San Francisco,United States,BT-116804,Brian Thompson,0.0,US,1,2013-04-11 00:00:00.000,CA-2013-123358,Medium,OFF-ST-10001932,Fellowes Staxonsteel Drawer Files,81.1314,3,West,38033,580,Consumer,2013-04-18 00:00:00.000,Standard Class,38.67,California,Storage,2013,North America,15
Office Supplies,San Francisco,United States,BT-116804,Brian Thompson,0.0,US,1,2013-04-11 00:00:00.000,CA-2013-123358,Medium,OFF-ST-10000636,Rogers Profile Extra Capacity Storage Tub,6.0264,9,West,38034,151,Consumer,2013-04-18 00:00:00.000,Standard Class,12.16,California,Storage,2013,North America,15
Office Supplies,San Francisco,United States,SP-209204,Susan Pistek,0.0,US,1,2013-04-14 00:00:00.000,CA-2013-152800,High,OFF-EN-10001509,Poly String Tie Envelopes,2.8764,3,West,39071,6,Consumer,2013-04-16 00:00:00.000,First Class,1.23,California,Envelopes,2013,North America,16
Office Supplies,San Francisco,United States,EB-139304,Eric Barreto,0.0,US,1,2013-05-19 00:00:00.000,CA-2013-122728,Medium,OFF-ST-10000604,Home/Office Personal File Carts,26.07,3,West,32973,104,Consumer,2013-05-25 00:00:00.000,Standard Class,4.92,California,Storage,2013,North America,21
Office Supplies,San Francisco,United States,PV-189854,Paul Van Hugh,0.0,US,1,2013-06-15 00:00:00.000,CA-2013-107216,Medium,OFF-AR-10001545,Newell 326,2.0416,4,West,32395,7,Home Office,2013-06-18 00:00:00.000,First Class,1.61,California,Art,2013,North America,24
Office Supplies,San Francisco,United States,PV-189854,Paul Van Hugh,0.0,US,1,2013-06-15 00:00:00.000,CA-2013-107216,Medium,OFF-AR-10002255,Newell 346,2.5056,3,West,32398,9,Home Office,2013-06-18 00:00:00.000,First Class,1.8,California,Art,2013,North America,24
Office Supplies,San Francisco,United States,RD-199004,Ruben Dartt,0.0,US,1,2013-06-24 00:00:00.000,CA-2013-140382,High,OFF-LA-10001934,Avery 516,10.3071,3,West,38225,22,Consumer,2013-06-26 00:00:00.000,Second Class,3.38,California,Labels,2013,North America,26
Office Supplies,San Francisco,United States,RD-199004,Ruben Dartt,0.0,US,1,2013-06-24 00:00:00.000,CA-2013-140382,High,OFF-ST-10003638,Mobile Personal File Cube,25.2936,4,West,38224,94,Consumer,2013-06-26 00:00:00.000,Second Class,13.19,California,Storage,2013,North America,26
Office Supplies,San Francisco,United States,AA-106454,Anna Andreadi,0.0,US,1,2013-07-05 00:00:00.000,CA-2013-147137,High,OFF-EN-10003567,"Inter-Office Recycled Envelopes, Brown Kraft, Button-String,10"" x 13"" , 100/Box",20.6612,2,West,35749,44,Consumer,2013-07-07 00:00:00.000,First Class,5.16,California,Envelopes,2013,North America,27
Office Supplies,San Francisco,United States,AA-106454,Anna Andreadi,0.0,US,1,2013-07-05 00:00:00.000,CA-2013-147137,High,OFF-ST-10002486,Eldon Shelf Savers Cubes and Bins,0.5584,4,West,35751,28,Consumer,2013-07-07 00:00:00.000,First Class,5.79,California,Storage,2013,North America,27
Office Supplies,San Francisco,United States,RB-193604,Raymond Buch,0.0,US,1,2013-07-15 00:00:00.000,CA-2013-109953,Medium,OFF-AP-10002998,Holmes 99% HEPA Air Purifier,50.0346,7,West,38521,152,Consumer,2013-07-19 00:00:00.000,Standard Class,7.26,California,Appliances,2013,North America,29
Office Supplies,San Francisco,United States,DL-134954,Dionis Lloyd,0.0,US,1,2013-07-23 00:00:00.000,CA-2013-144855,Critical,OFF-LA-10003766,Self-Adhesive Removable Labels,3.024,2,West,32413,6,Corporate,2013-07-25 00:00:00.000,Second Class,1.6,California,Labels,2013,North America,30
Office Supplies,San Francisco,United States,BC-111254,Becky Castell,0.0,US,1,2013-07-26 00:00:00.000,CA-2013-149335,Critical,OFF-AR-10001419,Newell 325,11.151,9,West,39605,37,Home Office,2013-07-26 00:00:00.000,Same Day,12.15,California,Art,2013,North America,30
Office Supplies,San Francisco,United States,RW-196304,Rob Williams,0.0,US,1,2013-07-31 00:00:00.000,CA-2013-112585,Medium,OFF-AP-10003849,Hoover Shoulder Vac Commercial Portable Vacuum,178.91,2,West,39204,716,Corporate,2013-08-03 00:00:00.000,First Class,113.49,California,Appliances,2013,North America,31
Office Supplies,San Francisco,United States,PK-190754,Pete Kriz,0.0,US,1,2013-08-17 00:00:00.000,CA-2013-150343,High,OFF-EN-10004030,Convenience Packs of Business Envelopes,5.1042,3,West,33955,11,Consumer,2013-08-21 00:00:00.000,Standard Class,1.57,California,Envelopes,2013,North America,33
Office Supplies,San Francisco,United States,CV-128054,Cynthia Voltz,0.0,US,1,2013-09-02 00:00:00.000,CA-2013-120859,Medium,OFF-EN-10001335,"White Business Envelopes with Contemporary Seam, Recycled White Business Envelopes",10.94,2,West,32259,22,Corporate,2013-09-05 00:00:00.000,First Class,1.9,California,Envelopes,2013,North America,36
Office Supplies,San Francisco,United States,SZ-200354,Sam Zeldin,0.0,US,1,2013-09-03 00:00:00.000,CA-2013-113096,High,OFF-ST-10003455,"Tenex File Box, Personal Filing Tote with Lid, Black",12.0978,3,West,36725,47,Home Office,2013-09-05 00:00:00.000,First Class,6.54,California,Storage,2013,North America,36
Office Supplies,San Francisco,United States,CC-124304,Chuck Clark,0.0,US,1,2013-09-20 00:00:00.000,US-2013-114888,Medium,OFF-SU-10001212,Kleencut Forged Office Shears by Acme United Corporation,1.872,3,West,36067,6,Home Office,2013-09-25 00:00:00.000,Second Class,0.19,California,Supplies,2013,North America,38
Office Supplies,San Francisco,United States,GM-146954,Greg Maxwell,0.0,US,1,2013-09-21 00:00:00.000,CA-2013-100244,High,OFF-AR-10000940,Newell 343,3.1752,4,West,34709,12,Corporate,2013-09-25 00:00:00.000,Standard Class,1.86,California,Art,2013,North America,38
Office Supplies,San Francisco,United States,JW-160754,Julia West,0.0,US,1,2013-09-26 00:00:00.000,CA-2013-101385,Medium,OFF-AR-10004441,BIC Brite Liner Highlighters,6.9552,4,West,35815,17,Consumer,2013-10-02 00:00:00.000,Standard Class,1.37,California,Art,2013,North America,39
Office Supplies,San Francisco,United States,BP-110954,Bart Pistole,0.0,US,1,2013-10-28 00:00:00.000,CA-2013-156811,Medium,OFF-AP-10001366,Staples,11.8584,4,West,35683,44,Corporate,2013-11-03 00:00:00.000,Standard Class,3.53,California,Appliances,2013,North America,44
Office Supplies,San Francisco,United States,PC-187454,Pamela Coakley,0.0,US,1,2013-11-11 00:00:00.000,CA-2013-105494,High,OFF-ST-10002205,File Shuttle I and Handi-File,42.0714,7,West,32191,156,Corporate,2013-11-13 00:00:00.000,First Class,47.91,California,Storage,2013,North America,46
Office Supplies,San Francisco,United States,RO-197804,Rose O'Brian,0.0,US,1,2013-11-11 00:00:00.000,CA-2013-152940,Medium,OFF-ST-10000352,Acco Perma 2700 Stacking Storage Drawers,4.461,1,West,39670,30,Consumer,2013-11-14 00:00:00.000,First Class,8.14,California,Storage,2013,North America,46
Office Supplies,San Francisco,United States,RR-193154,Ralph Ritter,0.0,US,1,2013-11-15 00:00:00.000,CA-2013-149482,High,OFF-LA-10000248,Avery 52,3.4686,2,West,33800,7,Consumer,2013-11-20 00:00:00.000,Standard Class,0.28,California,Labels,2013,North America,46
Office Supplies,San Francisco,United States,HJ-148754,Heather Jas,0.0,US,1,2013-11-18 00:00:00.000,CA-2013-118500,High,OFF-SU-10004231,Acme Tagit Stainless Steel Antibacterial Scissors,13.365,5,West,39962,50,Home Office,2013-11-19 00:00:00.000,First Class,11.65,California,Supplies,2013,North America,47
Office Supplies,San Francisco,United States,MK-181604,Mike Kennedy,0.0,US,1,2013-12-03 00:00:00.000,US-2013-108455,Medium,OFF-ST-10002214,X-Rack File for Hanging Folders,8.8062,3,West,32778,34,Consumer,2013-12-09 00:00:00.000,Standard Class,1.79,California,Storage,2013,North America,49
Office Supplies,San Francisco,United States,DB-136154,Doug Bickford,0.0,US,1,2013-12-09 00:00:00.000,CA-2013-115224,High,OFF-ST-10003816,Fellowes High-Stak Drawer Files,81.0474,2,West,36887,352,Consumer,2013-12-12 00:00:00.000,Second Class,13.24,California,Storage,2013,North America,50
Office Supplies,San Francisco,United States,DB-136154,Doug Bickford,0.0,US,1,2013-12-09 00:00:00.000,CA-2013-115224,High,OFF-ST-10000615,"SimpliFile Personal File, Black Granite, 15w x 6-15/16d x 11-1/4h",9.534,3,West,36886,34,Consumer,2013-12-12 00:00:00.000,Second Class,4.8,California,Storage,2013,North America,50
Office Supplies,San Francisco,United States,SP-206204,Stefania Perrino,0.0,US,1,2013-12-09 00:00:00.000,CA-2013-131289,Medium,OFF-AR-10003056,Newell 341,2.4824,2,West,34775,9,Corporate,2013-12-15 00:00:00.000,Standard Class,0.73,California,Art,2013,North America,50
Office Supplies,San Francisco,United States,CM-123854,Christopher Martinez,0.0,US,1,2014-01-04 00:00:00.000,CA-2014-111738,Medium,OFF-AR-10000817,Manco Dry-Lighter Erasable Highlighter,3.1008,3,West,40788,9,Consumer,2014-01-08 00:00:00.000,Standard Class,0.59,California,Art,2014,North America,1
Office Supplies,San Francisco,United States,LS-169454,Linda Southworth,0.0,US,1,2014-01-13 00:00:00.000,CA-2014-108000,Medium,OFF-EN-10002621,Staples,4.89,1,West,37196,10,Corporate,2014-01-17 00:00:00.000,Standard Class,0.42,California,Envelopes,2014,North America,3
Office Supplies,San Francisco,United States,TM-210104,Tamara Manning,0.0,US,1,2014-01-21 00:00:00.000,CA-2014-144589,Medium,OFF-AR-10003631,Staples,7.986,5,West,33704,24,Consumer,2014-01-26 00:00:00.000,Standard Class,1.07,California,Art,2014,North America,4
Office Supplies,San Francisco,United States,CJ-120104,Caroline Jumper,0.0,US,1,2014-01-27 00:00:00.000,CA-2014-150469,Medium,OFF-FA-10000611,Binder Clips by OIC,5.6832,8,West,39116,12,Consumer,2014-01-31 00:00:00.000,Standard Class,1.0,California,Fasteners,2014,North America,5
Office Supplies,San Francisco,United States,VG-217904,Vivek Gonzalez,0.0,US,1,2014-01-30 00:00:00.000,CA-2014-139304,High,OFF-AR-10001216,Newell 339,2.1684,3,West,36326,8,Consumer,2014-02-03 00:00:00.000,Standard Class,1.08,California,Art,2014,North America,5
Office Supplies,San Francisco,United States,VG-217904,Vivek Gonzalez,0.0,US,1,2014-01-30 00:00:00.000,CA-2014-139304,High,OFF-SU-10001664,Acme Office Executive Series Stainless Steel Trimmers,2.2282,1,West,36327,9,Consumer,2014-02-03 00:00:00.000,Standard Class,0.19,California,Supplies,2014,North America,5
Office Supplies,San Francisco,United States,MM-179204,Michael Moore,0.0,US,1,2014-01-31 00:00:00.000,CA-2014-164329,Medium,OFF-ST-10001511,Space Solutions Commercial Steel Shelving,6.465,2,West,34218,129,Consumer,2014-01-31 00:00:00.000,Same Day,6.57,California,Storage,2014,North America,5
Office Supplies,San Francisco,United States,EH-141254,Eugene Hildebrand,0.0,US,1,2014-01-31 00:00:00.000,CA-2014-112725,Low,OFF-AR-10003759,"Crayola Anti Dust Chalk, 12/Pack",5.733,7,West,35440,13,Home Office,2014-02-07 00:00:00.000,Standard Class,1.36,California,Art,2014,North America,5
Office Supplies,San Francisco,United States,EH-141254,Eugene Hildebrand,0.0,US,1,2014-01-31 00:00:00.000,CA-2014-112725,Low,OFF-AR-10001227,Newell 338,2.3814,3,West,35441,9,Home Office,2014-02-07 00:00:00.000,Standard Class,1.69,California,Art,2014,North America,5
Office Supplies,San Francisco,United States,SH-199754,Sally Hughsby,0.0,US,1,2014-03-07 00:00:00.000,CA-2014-125101,High,OFF-ST-10000675,"File Shuttle II and Handi-File, Black",16.945,2,West,36447,68,Corporate,2014-03-11 00:00:00.000,Second Class,4.24,California,Storage,2014,North America,10
Office Supplies,San Francisco,United States,FC-142454,Frank Carlisle,0.0,US,1,2014-03-07 00:00:00.000,CA-2014-167640,Medium,OFF-AR-10003158,Fluorescent Highlighters by Dixon,8.1192,6,West,37808,24,Home Office,2014-03-11 00:00:00.000,Standard Class,1.72,California,Art,2014,North America,10
Office Supplies,San Francisco,United States,FC-142454,Frank Carlisle,0.0,US,1,2014-03-07 00:00:00.000,CA-2014-167640,Medium,OFF-LA-10004559,Avery 49,5.6448,4,West,37809,12,Home Office,2014-03-11 00:00:00.000,Standard Class,0.53,California,Labels,2014,North America,10
Office Supplies,San Francisco,United States,BS-113804,Bill Stewart,0.0,US,1,2014-03-13 00:00:00.000,CA-2014-116288,High,OFF-ST-10000736,Carina Double Wide Media Storage Towers in Natural & Black,9.7176,3,West,35932,243,Corporate,2014-03-18 00:00:00.000,Standard Class,39.81,California,Storage,2014,North America,11
Office Supplies,San Francisco,United States,MS-173654,Maribeth Schnelling,0.0,US,1,2014-04-02 00:00:00.000,CA-2014-147942,High,OFF-LA-10003663,Avery 498,2.7166,2,West,33913,6,Consumer,2014-04-06 00:00:00.000,Standard Class,0.39,California,Labels,2014,North America,14
Office Supplies,San Francisco,United States,JO-155504,Jesus Ocampo,0.0,US,1,2014-04-17 00:00:00.000,US-2014-138086,High,OFF-AP-10000027,Hoover Commercial SteamVac,12.222,3,West,39019,41,Home Office,2014-04-21 00:00:00.000,Standard Class,1.74,California,Appliances,2014,North America,16
Office Supplies,San Francisco,United States,DJ-135104,Don Jones,0.0,US,1,2014-05-01 00:00:00.000,CA-2014-137876,High,OFF-EN-10001219,"#10- 4 1/8"" x 9 1/2"" Security-Tint Envelopes",14.9744,4,West,36611,31,Corporate,2014-05-06 00:00:00.000,Standard Class,3.68,California,Envelopes,2014,North America,18
Office Supplies,San Francisco,United States,MK-181604,Mike Kennedy,0.0,US,1,2014-05-04 00:00:00.000,CA-2014-163209,Medium,OFF-AR-10003651,Newell 350,6.6584,7,West,38906,23,Consumer,2014-05-08 00:00:00.000,Standard Class,0.3,California,Art,2014,North America,19
Office Supplies,San Francisco,United States,DK-129854,Darren Koutras,0.0,US,1,2014-05-06 00:00:00.000,US-2014-141943,High,OFF-EN-10003448,"Peel & Seel Recycled Catalog Envelopes, Brown",11.58,2,West,36488,23,Consumer,2014-05-10 00:00:00.000,Standard Class,3.08,California,Envelopes,2014,North America,19
Office Supplies,San Francisco,United States,MM-180554,Michelle Moray,0.0,US,1,2014-05-09 00:00:00.000,US-2014-104451,High,OFF-AP-10000692,Fellowes Mighty 8 Compact Surge Protector,22.7024,4,West,40816,81,Consumer,2014-05-13 00:00:00.000,Second Class,9.98,California,Appliances,2014,North America,19
Office Supplies,San Francisco,United States,CS-121754,Charles Sheldon,0.0,US,1,2014-05-13 00:00:00.000,CA-2014-117632,Medium,OFF-AP-10004868,Hoover Commercial Soft Guard Upright Vacuum And Disposable Filtration Bags,2.0979,1,West,37118,8,Corporate,2014-05-19 00:00:00.000,Standard Class,0.36,California,Appliances,2014,North America,20
Office Supplies,San Francisco,United States,CS-121754,Charles Sheldon,0.0,US,1,2014-05-13 00:00:00.000,CA-2014-117632,Medium,OFF-SU-10000157,Compact Automatic Electric Letter Opener,4.7724,2,West,37117,239,Corporate,2014-05-19 00:00:00.000,Standard Class,6.9,California,Supplies,2014,North America,20
Office Supplies,San Francisco,United States,RB-197954,Ross Baird,0.0,US,1,2014-05-14 00:00:00.000,CA-2014-100748,Medium,OFF-LA-10000240,Self-Adhesive Address Labels for Typewriters by Universal,27.4856,8,West,33727,58,Home Office,2014-05-21 00:00:00.000,Standard Class,5.81,California,Labels,2014,North America,20
Office Supplies,San Francisco,United States,BC-111254,Becky Castell,0.0,US,1,2014-05-20 00:00:00.000,CA-2014-113530,Medium,OFF-AR-10001315,Newell 310,1.0208,2,West,34922,4,Home Office,2014-05-22 00:00:00.000,Second Class,0.19,California,Art,2014,North America,21
Office Supplies,San Francisco,United States,BC-111254,Becky Castell,0.0,US,1,2014-05-20 00:00:00.000,CA-2014-113530,Medium,OFF-AR-10000122,Newell 314,1.395,1,West,34923,6,Home Office,2014-05-22 00:00:00.000,Second Class,0.41,California,Art,2014,North America,21
Office Supplies,San Francisco,United States,VF-217154,Vicky Freymann,0.0,US,1,2014-05-23 00:00:00.000,CA-2014-130106,High,OFF-AR-10003732,Newell 333,0.7228,1,West,40544,3,Home Office,2014-05-27 00:00:00.000,Standard Class,0.33,California,Art,2014,North America,21
Office Supplies,San Francisco,United States,VF-217154,Vicky Freymann,0.0,US,1,2014-05-23 00:00:00.000,CA-2014-130106,High,OFF-AR-10003651,Newell 350,2.8536,3,West,40543,10,Home Office,2014-05-27 00:00:00.000,Standard Class,1.66,California,Art,2014,North America,21
Office Supplies,San Francisco,United States,GH-144104,Gary Hansen,0.0,US,1,2014-06-07 00:00:00.000,US-2014-131849,High,OFF-ST-10002957,Sterilite Show Offs Storage Containers,0.0,5,West,35151,26,Home Office,2014-06-11 00:00:00.000,Standard Class,3.62,California,Storage,2014,North America,23
Office Supplies,San Francisco,United States,KT-164804,Kean Thornton,0.0,US,1,2014-06-25 00:00:00.000,CA-2014-159107,Critical,OFF-FA-10001332,"Acco Banker's Clasps, 5 3/4""-Long",1.3536,1,West,35951,3,Consumer,2014-06-27 00:00:00.000,Second Class,0.39,California,Fasteners,2014,North America,26
Office Supplies,San Francisco,United States,MH-176204,Matt Hagelstein,0.0,US,1,2014-07-29 00:00:00.000,CA-2014-130841,High,OFF-ST-10001580,Super Decoflex Portable Personal File,4.1944,1,West,33516,15,Corporate,2014-08-02 00:00:00.000,Standard Class,1.62,California,Storage,2014,North America,31
Office Supplies,San Francisco,United States,EC-140504,Erin Creighton,0.0,US,1,2014-08-01 00:00:00.000,CA-2014-161102,High,OFF-ST-10003442,Eldon Portable Mobile Manager,15.2712,2,West,37751,57,Consumer,2014-08-04 00:00:00.000,First Class,6.74,California,Storage,2014,North America,31
Office Supplies,San Francisco,United States,EM-139604,Eric Murdock,0.0,US,1,2014-08-02 00:00:00.000,CA-2014-168942,Medium,OFF-ST-10004340,"Fellowes Mobile File Cart, Black",50.3658,3,West,38208,187,Consumer,2014-08-06 00:00:00.000,Second Class,7.56,California,Storage,2014,North America,31
Office Supplies,San Francisco,United States,BD-117254,Bruce Degenhardt,0.0,US,1,2014-08-04 00:00:00.000,CA-2014-168396,Medium,OFF-LA-10001297,Avery 473,24.84,5,West,35928,52,Consumer,2014-08-09 00:00:00.000,Second Class,1.41,California,Labels,2014,North America,32
Office Supplies,San Francisco,United States,JK-153704,Jay Kimmel,0.0,US,1,2014-08-14 00:00:00.000,US-2014-103828,High,OFF-AP-10004249,Staples,22.6233,7,West,34161,84,Consumer,2014-08-14 00:00:00.000,Same Day,7.79,California,Appliances,2014,North America,33
Office Supplies,San Francisco,United States,JK-153704,Jay Kimmel,0.0,US,1,2014-08-14 00:00:00.000,US-2014-103828,High,OFF-AR-10000588,Newell 345,15.4752,3,West,34162,60,Consumer,2014-08-14 00:00:00.000,Same Day,8.59,California,Art,2014,North America,33
Office Supplies,San Francisco,United States,JK-153704,Jay Kimmel,0.0,US,1,2014-08-14 00:00:00.000,US-2014-103828,High,OFF-ST-10001325,Sterilite Officeware Hinged File Box,8.4888,3,West,34160,31,Consumer,2014-08-14 00:00:00.000,Same Day,5.67,California,Storage,2014,North America,33
Office Supplies,San Francisco,United States,JK-153704,Jay Kimmel,0.0,US,1,2014-08-14 00:00:00.000,US-2014-103828,High,OFF-SU-10000946,Staples,9.2568,4,West,34163,32,Consumer,2014-08-14 00:00:00.000,Same Day,5.4,California,Supplies,2014,North America,33
Office Supplies,San Francisco,United States,NP-187004,Nora Preis,0.0,US,1,2014-08-15 00:00:00.000,CA-2014-169264,High,OFF-AR-10000246,Newell 318,4.3368,6,West,33695,17,Consumer,2014-08-17 00:00:00.000,Second Class,2.26,California,Art,2014,North America,33
Office Supplies,San Francisco,United States,NP-187004,Nora Preis,0.0,US,1,2014-08-15 00:00:00.000,CA-2014-169264,High,OFF-LA-10001613,Avery File Folder Labels,2.8224,2,West,33694,6,Consumer,2014-08-17 00:00:00.000,Second Class,0.83,California,Labels,2014,North America,33
Office Supplies,San Francisco,United States,LR-170354,Lisa Ryan,0.0,US,1,2014-08-21 00:00:00.000,CA-2014-119011,High,OFF-ST-10000777,"Companion Letter/Legal File, Black",63.4368,6,West,37262,227,Corporate,2014-08-26 00:00:00.000,Standard Class,9.08,California,Storage,2014,North America,34
Office Supplies,San Francisco,United States,LR-170354,Lisa Ryan,0.0,US,1,2014-08-21 00:00:00.000,CA-2014-119011,High,OFF-SU-10004768,Acme Kleencut Forged Steel Scissors,5.166,3,West,37261,17,Corporate,2014-08-26 00:00:00.000,Standard Class,1.85,California,Supplies,2014,North America,34
Office Supplies,San Francisco,United States,MS-177704,Maxwell Schwartz,0.0,US,1,2014-09-01 00:00:00.000,CA-2014-132619,Medium,OFF-ST-10001511,Space Solutions Commercial Steel Shelving,9.6975,3,West,40960,194,Consumer,2014-09-06 00:00:00.000,Standard Class,12.65,California,Storage,2014,North America,36
Office Supplies,San Francisco,United States,PF-192254,Phillip Flathmann,0.0,US,1,2014-09-03 00:00:00.000,CA-2014-110380,High,OFF-AR-10000422,Pencil and Crayon Sharpener,1.7739,3,West,32562,7,Consumer,2014-09-08 00:00:00.000,Standard Class,0.6,California,Art,2014,North America,36
Office Supplies,San Francisco,United States,AG-103004,Aleksandra Gannaway,0.0,US,1,2014-09-04 00:00:00.000,CA-2014-161823,High,OFF-AR-10002053,"Premium Writing Pencils, Soft, #2 by Central Association for the Blind",1.6688,2,West,34883,6,Corporate,2014-09-09 00:00:00.000,Standard Class,0.56,California,Art,2014,North America,36
Office Supplies,San Francisco,United States,CB-120254,Cassandra Brandow,0.0,US,1,2014-09-12 00:00:00.000,CA-2014-144484,High,OFF-AP-10004487,Kensington 4 Outlet MasterPiece Compact Power Control Center,113.848,5,West,36567,407,Consumer,2014-09-12 00:00:00.000,Same Day,106.72,California,Appliances,2014,North America,37
Office Supplies,San Francisco,United States,RD-194804,Rick Duston,0.0,US,1,2014-09-16 00:00:00.000,US-2014-116652,High,OFF-AP-10001205,Belkin 5 Outlet SurgeMaster Power Centers,30.5088,2,West,37815,109,Consumer,2014-09-20 00:00:00.000,Standard Class,12.72,California,Appliances,2014,North America,38
Office Supplies,San Francisco,United States,RD-194804,Rick Duston,0.0,US,1,2014-09-16 00:00:00.000,US-2014-116652,High,OFF-AR-10001915,Peel-Off China Markers,41.706,10,West,37814,99,Consumer,2014-09-20 00:00:00.000,Standard Class,13.29,California,Art,2014,North America,38
Office Supplies,San Francisco,United States,CY-127454,Craig Yedwab,0.0,US,1,2014-09-17 00:00:00.000,CA-2014-130715,High,OFF-FA-10000621,"OIC Colored Binder Clips, Assorted Sizes",8.771,5,West,40633,18,Corporate,2014-09-21 00:00:00.000,Standard Class,2.03,California,Fasteners,2014,North America,38
Office Supplies,San Francisco,United States,SH-199754,Sally Hughsby,0.0,US,1,2014-09-19 00:00:00.000,CA-2014-106180,Medium,OFF-AR-10000940,Newell 343,2.3814,3,West,31438,9,Corporate,2014-09-24 00:00:00.000,Standard Class,0.87,California,Art,2014,North America,38
Office Supplies,San Francisco,United States,SH-199754,Sally Hughsby,0.0,US,1,2014-09-19 00:00:00.000,CA-2014-106180,Medium,OFF-EN-10004030,Convenience Packs of Business Envelopes,5.1042,3,West,31439,11,Corporate,2014-09-24 00:00:00.000,Standard Class,1.18,California,Envelopes,2014,North America,38
Office Supplies,San Francisco,United States,BS-117554,Bruce Stewart,0.0,US,1,2014-09-24 00:00:00.000,CA-2014-123778,Medium,OFF-AP-10001242,APC 7 Outlet Network SurgeArrest Surge Protector,48.288,2,West,34669,161,Consumer,2014-10-01 00:00:00.000,Standard Class,9.44,California,Appliances,2014,North America,39
Office Supplies,San Francisco,United States,NK-184904,Neil Knudson,0.0,US,1,2014-09-25 00:00:00.000,CA-2014-130148,Medium,OFF-SU-10001574,Acme Value Line Scissors,2.19,2,West,40991,7,Home Office,2014-09-29 00:00:00.000,Second Class,0.55,California,Supplies,2014,North America,39
Office Supplies,San Francisco,United States,RA-198854,Ruben Ausman,0.0,US,1,2014-09-27 00:00:00.000,US-2014-106145,Medium,OFF-EN-10001028,Staples,33.0648,6,West,38823,72,Corporate,2014-09-27 00:00:00.000,Same Day,6.98,California,Envelopes,2014,North America,39
Office Supplies,San Francisco,United States,FG-142604,Frank Gastineau,0.0,US,1,2014-10-16 00:00:00.000,CA-2014-106033,High,OFF-AR-10002818,Panasonic KP-310 Heavy-Duty Electric Pencil Sharpener,26.376,4,West,32625,88,Home Office,2014-10-19 00:00:00.000,Second Class,5.47,California,Art,2014,North America,42
Office Supplies,San Francisco,United States,HH-150104,Hilary Holden,0.0,US,1,2014-10-20 00:00:00.000,CA-2014-131492,Medium,OFF-EN-10002973,Ampad #10 Peel & Seel Holiday Envelopes,4.3008,2,West,34353,9,Corporate,2014-10-25 00:00:00.000,Second Class,0.62,California,Envelopes,2014,North America,43
Office Supplies,San Francisco,United States,HH-150104,Hilary Holden,0.0,US,1,2014-10-20 00:00:00.000,CA-2014-131492,Medium,OFF-LA-10001641,Avery 518,15.12,10,West,34354,32,Corporate,2014-10-25 00:00:00.000,Second Class,2.24,California,Labels,2014,North America,43
Office Supplies,San Francisco,United States,JK-152054,Jamie Kunitz,0.0,US,1,2014-10-31 00:00:00.000,CA-2014-123491,Medium,OFF-AP-10002684,"Acco 7-Outlet Masterpiece Power Center, Wihtout Fax/Phone Line Protection",510.636,14,West,33008,1702,Consumer,2014-11-06 00:00:00.000,Standard Class,107.69,California,Appliances,2014,North America,44
Office Supplies,San Francisco,United States,JK-152054,Jamie Kunitz,0.0,US,1,2014-10-31 00:00:00.000,CA-2014-123491,Medium,OFF-AR-10003514,4009 Highlighters by Sanford,6.567,5,West,33007,20,Consumer,2014-11-06 00:00:00.000,Standard Class,2.04,California,Art,2014,North America,44
Office Supplies,San Francisco,United States,JK-152054,Jamie Kunitz,0.0,US,1,2014-10-31 00:00:00.000,CA-2014-123491,Medium,OFF-LA-10003077,Avery 500,20.6142,6,West,33003,44,Consumer,2014-11-06 00:00:00.000,Standard Class,5.05,California,Labels,2014,North America,44
Office Supplies,San Francisco,United States,FM-142904,Frank Merwin,0.0,US,1,2014-11-07 00:00:00.000,US-2014-153948,Critical,OFF-LA-10000414,Avery 503,19.872,4,West,37202,41,Home Office,2014-11-07 00:00:00.000,Same Day,10.06,California,Labels,2014,North America,45
Office Supplies,San Francisco,United States,PJ-188354,Patrick Jones,0.0,US,1,2014-11-22 00:00:00.000,CA-2014-105130,High,OFF-AR-10003394,Newell 332,3.1752,4,West,37443,12,Corporate,2014-11-26 00:00:00.000,Standard Class,0.62,California,Art,2014,North America,47
Office Supplies,San Francisco,United States,PG-188204,Patrick Gardner,0.0,US,1,2014-11-25 00:00:00.000,CA-2014-123701,Medium,OFF-AR-10001860,BIC Liqua Brite Liner,9.9936,4,West,36061,28,Consumer,2014-11-28 00:00:00.000,First Class,7.03,California,Art,2014,North America,48
Office Supplies,San Francisco,United States,BD-115004,Bradley Drucker,0.0,US,1,2014-11-26 00:00:00.000,US-2014-133312,Medium,OFF-ST-10001325,Sterilite Officeware Hinged File Box,2.8296,1,West,36377,10,Consumer,2014-11-30 00:00:00.000,Standard Class,0.66,California,Storage,2014,North America,48
Office Supplies,San Francisco,United States,TZ-215804,Tracy Zic,0.0,US,1,2014-11-26 00:00:00.000,CA-2014-101665,Medium,OFF-AR-10002335,DIXON Oriole Pencils,1.3416,2,West,39980,5,Consumer,2014-12-02 00:00:00.000,Standard Class,0.47,California,Art,2014,North America,48
Office Supplies,San Francisco,United States,VW-217754,Victoria Wilson,0.0,US,1,2014-12-03 00:00:00.000,CA-2014-116715,High,OFF-ST-10004340,"Fellowes Mobile File Cart, Black",151.0974,9,West,33049,560,Corporate,2014-12-06 00:00:00.000,First Class,185.31,California,Storage,2014,North America,49
Office Supplies,San Francisco,United States,KH-165104,Keith Herrera,0.0,US,1,2014-12-09 00:00:00.000,CA-2014-117457,Medium,OFF-LA-10003766,Self-Adhesive Removable Labels,13.608,9,West,31707,28,Consumer,2014-12-13 00:00:00.000,Standard Class,2.07,California,Labels,2014,North America,50
Office Supplies,San Francisco,United States,AS-102254,Alan Schoenberger,0.0,US,1,2014-12-09 00:00:00.000,CA-2014-117926,High,OFF-AP-10002670,Belkin 8-Outlet Premiere SurgeMaster II Surge Protectors,20.844,1,West,36249,69,Corporate,2014-12-13 00:00:00.000,Second Class,12.04,California,Appliances,2014,North America,50
Office Supplies,San Francisco,United States,DM-133454,Denise Monton,0.0,US,1,2014-12-09 00:00:00.000,CA-2014-108854,Low,OFF-ST-10001837,"SAFCO Mobile Desk Side File, Wire Frame",11.1176,1,West,36707,43,Corporate,2014-12-15 00:00:00.000,Standard Class,6.21,California,Storage,2014,North America,50
Office Supplies,San Francisco,United States,EP-139154,Emily Phan,0.0,US,1,2014-12-14 00:00:00.000,CA-2014-122770,Medium,OFF-LA-10004559,Avery 49,4.2336,3,West,40978,9,Consumer,2014-12-19 00:00:00.000,Standard Class,0.57,California,Labels,2014,North America,51
Office Supplies,San Francisco,United States,TT-214604,Tonja Turnell,0.0,US,1,2014-12-19 00:00:00.000,CA-2014-158736,Low,OFF-AR-10002578,Newell 335,1.6704,2,West,39775,6,Home Office,2014-12-25 00:00:00.000,Standard Class,0.59,California,Art,2014,North America,51
Office Supplies,San Francisco,United States,GZ-144704,Gary Zandusky,0.0,US,1,2014-12-24 00:00:00.000,US-2014-123463,Critical,OFF-AR-10001118,"Binney & Smith Crayola Metallic Crayons, 16-Color Pack",5.9312,4,West,32179,13,Consumer,2014-12-24 00:00:00.000,Same Day,2.1,California,Art,2014,North America,52
Office Supplies,San Francisco,United States,KH-166904,Kristen Hastings,0.0,US,1,2014-12-29 00:00:00.000,CA-2014-163979,High,OFF-ST-10003208,Adjustable Depth Letter/Legal Cart,210.4936,4,West,31567,726,Corporate,2015-01-03 00:00:00.000,Second Class,156.45,California,Storage,2014,North America,53
Office Supplies,San Francisco,United States,NM-184454,Nathan Mautz,0.0,US,1,2011-04-23 00:00:00.000,CA-2011-111857,Medium,OFF-PA-10001878,Xerox 1891,22.9877,1,West,40586,49,Home Office,2011-04-26 00:00:00.000,Second Class,4.34,California,Paper,2011,North America,17
Office Supplies,San Francisco,United States,DS-130304,Darrin Sayre,0.0,US,1,2011-07-09 00:00:00.000,CA-2011-113271,Medium,OFF-PA-10002365,Xerox 1967,15.552,5,West,40542,32,Home Office,2011-07-14 00:00:00.000,Standard Class,2.14,California,Paper,2011,North America,28
Office Supplies,San Francisco,United States,RD-197204,Roger Demir,0.0,US,1,2011-07-20 00:00:00.000,CA-2011-157546,High,OFF-PA-10004569,"Wirebound Message Books, Two 4 1/4"" x 5"" Forms per Page",10.7301,3,West,38526,23,Consumer,2011-07-22 00:00:00.000,First Class,6.37,California,Paper,2011,North America,30
Office Supplies,San Francisco,United States,BD-116054,Brian Dahlen,0.0,US,1,2011-08-15 00:00:00.000,US-2011-164406,High,OFF-PA-10000167,Xerox 1925,41.823,3,West,41120,93,Consumer,2011-08-19 00:00:00.000,Standard Class,9.38,California,Paper,2011,North America,34
Office Supplies,San Francisco,United States,HH-150104,Hilary Holden,0.0,US,1,2011-08-29 00:00:00.000,CA-2011-135699,Medium,OFF-PA-10004475,Xerox 1940,53.8608,2,West,32947,110,Corporate,2011-08-29 00:00:00.000,Same Day,6.2,California,Paper,2011,North America,36
Office Supplies,San Francisco,United States,HH-150104,Hilary Holden,0.0,US,1,2011-08-29 00:00:00.000,CA-2011-135699,Medium,OFF-PA-10003001,Xerox 1986,6.4128,2,West,32948,13,Corporate,2011-08-29 00:00:00.000,Same Day,2.21,California,Paper,2011,North America,36
Office Supplies,San Francisco,United States,ES-140204,Erica Smith,0.0,US,1,2011-09-20 00:00:00.000,CA-2011-156433,Medium,OFF-PA-10003724,"Wirebound Message Book, 4 per Page",10.6428,4,West,32091,22,Consumer,2011-09-26 00:00:00.000,Standard Class,1.23,California,Paper,2011,North America,39
Office Supplies,San Francisco,United States,HF-149954,Herbert Flentye,0.0,US,1,2011-09-21 00:00:00.000,CA-2011-153969,High,OFF-PA-10002246,"Wirebound Four 2-3/4 x 5 Forms per Page, 400 Sets per Book",9.4815,3,West,34463,19,Consumer,2011-09-25 00:00:00.000,Standard Class,2.46,California,Paper,2011,North America,39
Office Supplies,San Francisco,United States,HF-149954,Herbert Flentye,0.0,US,1,2011-09-21 00:00:00.000,CA-2011-153969,High,OFF-PA-10000327,Xerox 1971,17.334,9,West,34461,39,Consumer,2011-09-25 00:00:00.000,Standard Class,2.59,California,Paper,2011,North America,39
Office Supplies,San Francisco,United States,RP-192704,Rachel Payne,0.0,US,1,2011-10-19 00:00:00.000,CA-2011-155264,Medium,OFF-PA-10003228,Xerox 1917,68.9631,3,West,40636,147,Corporate,2011-10-22 00:00:00.000,Second Class,7.86,California,Paper,2011,North America,43
Office Supplies,San Francisco,United States,JP-155204,Jeremy Pistek,0.0,US,1,2011-11-09 00:00:00.000,CA-2011-144666,Critical,OFF-PA-10001509,"Recycled Desk Saver Line ""While You Were Out"" Book, 5 1/2"" X 4""",28.819,7,West,31772,63,Consumer,2011-11-11 00:00:00.000,Second Class,21.97,California,Paper,2011,North America,46
Office Supplies,San Francisco,United States,JP-155204,Jeremy Pistek,0.0,US,1,2011-11-09 00:00:00.000,CA-2011-144666,Critical,OFF-PA-10003465,Xerox 1912,45.528,5,West,31773,95,Consumer,2011-11-11 00:00:00.000,Second Class,28.78,California,Paper,2011,North America,46
Office Supplies,San Francisco,United States,TS-212054,Thomas Seio,0.0,US,1,2011-11-17 00:00:00.000,CA-2011-140662,High,OFF-PA-10003395,Xerox 1941,352.296,7,West,34559,734,Corporate,2011-11-19 00:00:00.000,First Class,121.19,California,Paper,2011,North America,47
Office Supplies,San Francisco,United States,GR-145604,Georgia Rosenberg,0.0,US,1,2011-11-21 00:00:00.000,CA-2011-103401,Medium,OFF-PA-10003309,Xerox 211,6.2208,2,West,35795,13,Corporate,2011-11-26 00:00:00.000,Standard Class,0.67,California,Paper,2011,North America,48
Office Supplies,San Francisco,United States,SC-206804,Steve Carroll,0.0,US,1,2011-11-21 00:00:00.000,CA-2011-154781,Medium,OFF-PA-10001609,Tops Wirebound Message Log Books,3.0268,2,West,39036,7,Home Office,2011-11-26 00:00:00.000,Standard Class,0.25,California,Paper,2011,North America,48
Office Supplies,San Francisco,United States,LS-169754,Lindsay Shagiari,0.0,US,1,2011-11-26 00:00:00.000,US-2011-147648,Medium,OFF-PA-10001033,Xerox 1893,40.1702,2,West,36525,82,Home Office,2011-12-01 00:00:00.000,Standard Class,3.37,California,Paper,2011,North America,48
Office Supplies,San Francisco,United States,EH-140054,Erica Hernandez,0.0,US,1,2011-12-07 00:00:00.000,CA-2011-154592,Critical,OFF-PA-10000062,Green Bar Computer Printout Paper,80.7912,3,West,40241,165,Home Office,2011-12-08 00:00:00.000,First Class,61.23,California,Paper,2011,North America,50
Office Supplies,San Francisco,United States,CK-127604,Cyma Kinney,0.0,US,1,2011-12-09 00:00:00.000,CA-2011-104976,Medium,OFF-PA-10003845,Xerox 1987,16.9932,6,West,32185,35,Corporate,2011-12-16 00:00:00.000,Standard Class,2.88,California,Paper,2011,North America,50
Office Supplies,San Francisco,United States,JF-154904,Jeremy Farry,0.0,US,1,2011-12-27 00:00:00.000,US-2011-106334,Medium,OFF-PA-10003657,Xerox 1927,5.778,3,West,35850,13,Consumer,2012-01-02 00:00:00.000,Standard Class,0.98,California,Paper,2011,North America,53
Office Supplies,San Francisco,United States,AJ-107954,Anthony Johnson,0.0,US,1,2011-12-29 00:00:00.000,CA-2011-110786,High,OFF-PA-10000528,Xerox 1981,9.504,4,West,35335,21,Corporate,2012-01-02 00:00:00.000,Standard Class,2.5,California,Paper,2011,North America,53
Office Supplies,San Francisco,United States,GA-145154,George Ashbrook,0.0,US,1,2012-04-17 00:00:00.000,CA-2012-155306,High,OFF-PA-10001184,Xerox 1903,5.8604,2,West,34053,12,Consumer,2012-04-21 00:00:00.000,Standard Class,1.34,California,Paper,2012,North America,16
Office Supplies,San Francisco,United States,CS-125054,Cindy Stewart,0.0,US,1,2012-05-12 00:00:00.000,CA-2012-159380,Medium,OFF-PA-10004239,Xerox 1953,11.556,6,West,34101,26,Consumer,2012-05-16 00:00:00.000,Standard Class,0.58,California,Paper,2012,North America,19
Office Supplies,San Francisco,United States,CS-125054,Cindy Stewart,0.0,US,1,2012-05-12 00:00:00.000,CA-2012-159380,Medium,OFF-PA-10003893,Xerox 1962,5.778,3,West,34100,13,Consumer,2012-05-16 00:00:00.000,Standard Class,1.57,California,Paper,2012,North America,19
Office Supplies,San Francisco,United States,NZ-185654,Nick Zandusky,0.0,US,1,2012-08-21 00:00:00.000,CA-2012-144267,High,OFF-PA-10000157,Xerox 191,28.1718,3,West,32075,60,Home Office,2012-08-23 00:00:00.000,First Class,14.54,California,Paper,2012,North America,34
Office Supplies,San Francisco,United States,NZ-185654,Nick Zandusky,0.0,US,1,2012-08-21 00:00:00.000,CA-2012-144267,High,OFF-PA-10003657,Xerox 1927,1.926,1,West,32077,4,Home Office,2012-08-23 00:00:00.000,First Class,0.68,California,Paper,2012,North America,34
Office Supplies,San Francisco,United States,NZ-185654,Nick Zandusky,0.0,US,1,2012-08-21 00:00:00.000,CA-2012-144267,High,OFF-PA-10001947,Xerox 1974,11.7208,4,West,32076,24,Home Office,2012-08-23 00:00:00.000,First Class,3.28,California,Paper,2012,North America,34
Office Supplies,San Francisco,United States,RH-195104,Rick Huthwaite,0.0,US,1,2012-09-27 00:00:00.000,CA-2012-167255,High,OFF-PA-10002377,Xerox 1916,73.41,3,West,38256,147,Home Office,2012-09-29 00:00:00.000,Second Class,16.78,California,Paper,2012,North America,39
Office Supplies,San Francisco,United States,RH-195104,Rick Huthwaite,0.0,US,1,2012-09-27 00:00:00.000,CA-2012-167255,High,OFF-PA-10003441,Xerox 226,6.2208,2,West,38257,13,Home Office,2012-09-29 00:00:00.000,Second Class,1.41,California,Paper,2012,North America,39
Office Supplies,San Francisco,United States,DJ-134204,Denny Joy,0.0,US,1,2012-10-10 00:00:00.000,CA-2012-109736,Medium,OFF-PA-10004101,Xerox 1894,21.7728,7,West,36015,45,Corporate,2012-10-11 00:00:00.000,First Class,3.86,California,Paper,2012,North America,41
Office Supplies,San Francisco,United States,NB-186554,Nona Balk,0.0,US,1,2012-10-29 00:00:00.000,CA-2012-110289,High,OFF-PA-10002986,Xerox 1898,16.032,5,West,37621,33,Corporate,2012-11-02 00:00:00.000,Standard Class,2.04,California,Paper,2012,North America,44
Office Supplies,San Francisco,United States,GT-147104,Greg Tran,0.0,US,1,2013-02-19 00:00:00.000,CA-2013-106460,Critical,OFF-PA-10001736,Xerox 1880,33.3136,2,West,38834,71,Consumer,2013-02-22 00:00:00.000,Second Class,11.01,California,Paper,2013,North America,8
Office Supplies,San Francisco,United States,EB-139304,Eric Barreto,0.0,US,1,2013-05-19 00:00:00.000,CA-2013-122728,Medium,OFF-PA-10004040,Universal Premium White Copier/Laser Paper (20Lb. and 87 Bright),8.7906,3,West,32974,18,Consumer,2013-05-25 00:00:00.000,Standard Class,2.22,California,Paper,2013,North America,21
Office Supplies,San Francisco,United States,KC-162554,Karen Carlisle,0.0,US,1,2013-06-20 00:00:00.000,CA-2013-105760,Medium,OFF-PA-10000350,"Message Book, Standard Line ""While You Were Out"", 5 1/2"" X 4"", 200 Sets/Book",8.0464,2,West,32237,17,Corporate,2013-06-21 00:00:00.000,First Class,1.14,California,Paper,2013,North America,25
Office Supplies,San Francisco,United States,RD-199004,Ruben Dartt,0.0,US,1,2013-06-24 00:00:00.000,CA-2013-140382,High,OFF-PA-10001019,Xerox 1884,9.3906,1,West,38227,20,Consumer,2013-06-26 00:00:00.000,Second Class,2.95,California,Paper,2013,North America,26
Office Supplies,San Francisco,United States,GM-146954,Greg Maxwell,0.0,US,1,2013-09-21 00:00:00.000,CA-2013-100244,High,OFF-PA-10001471,Strathmore Photo Frame Cards,30.2634,9,West,34707,66,Corporate,2013-09-25 00:00:00.000,Standard Class,8.25,California,Paper,2013,North America,38
Office Supplies,San Francisco,United States,GM-146954,Greg Maxwell,0.0,US,1,2013-09-21 00:00:00.000,CA-2013-100244,High,OFF-PA-10002319,Xerox 1944,37.9848,2,West,34710,78,Corporate,2013-09-25 00:00:00.000,Standard Class,4.43,California,Paper,2013,North America,38
Office Supplies,San Francisco,United States,DW-135854,Dorothy Wardle,0.0,US,1,2013-09-27 00:00:00.000,CA-2013-165820,High,OFF-PA-10004735,Xerox 1905,6.2208,2,West,37020,13,Corporate,2013-10-01 00:00:00.000,Standard Class,1.13,California,Paper,2013,North America,39
Office Supplies,San Francisco,United States,AS-102854,Alejandro Savely,0.0,US,1,2013-10-29 00:00:00.000,CA-2013-134775,High,OFF-PA-10004734,Southworth Structures Collection,25.48,7,West,31678,51,Corporate,2013-10-30 00:00:00.000,First Class,6.12,California,Paper,2013,North America,44
Office Supplies,San Francisco,United States,CC-124304,Chuck Clark,0.0,US,1,2013-11-11 00:00:00.000,CA-2013-163384,High,OFF-PA-10003172,Xerox 1996,15.552,5,West,32588,32,Home Office,2013-11-13 00:00:00.000,First Class,2.4,California,Paper,2013,North America,46
Office Supplies,San Francisco,United States,MK-181604,Mike Kennedy,0.0,US,1,2013-12-03 00:00:00.000,US-2013-108455,Medium,OFF-PA-10002464,HP Office Recycled Paper (20Lb. and 87 Bright),19.8254,7,West,32777,40,Consumer,2013-12-09 00:00:00.000,Standard Class,3.55,California,Paper,2013,North America,49
Office Supplies,San Francisco,United States,MK-181604,Mike Kennedy,0.0,US,1,2013-12-03 00:00:00.000,US-2013-108455,Medium,OFF-PA-10002262,Xerox 192,12.4416,4,West,32776,26,Consumer,2013-12-09 00:00:00.000,Standard Class,1.37,California,Paper,2013,North America,49
Office Supplies,San Francisco,United States,KT-164654,Kean Takahito,0.0,US,1,2013-12-05 00:00:00.000,CA-2013-112060,Medium,OFF-PA-10000994,Xerox 1915,50.328,1,West,37074,105,Consumer,2013-12-10 00:00:00.000,Standard Class,7.7,California,Paper,2013,North America,49
Office Supplies,San Francisco,United States,SP-206204,Stefania Perrino,0.0,US,1,2013-12-09 00:00:00.000,CA-2013-131289,Medium,OFF-PA-10003363,Xerox 204,21.7728,7,West,34776,45,Corporate,2013-12-15 00:00:00.000,Standard Class,1.97,California,Paper,2013,North America,50
Office Supplies,San Francisco,United States,SN-205604,Skye Norling,0.0,US,1,2014-02-07 00:00:00.000,CA-2014-154102,Medium,OFF-PA-10001593,Xerox 1947,13.455,5,West,38651,30,Home Office,2014-02-14 00:00:00.000,Standard Class,1.36,California,Paper,2014,North America,6
Office Supplies,San Francisco,United States,FC-142454,Frank Carlisle,0.0,US,1,2014-03-07 00:00:00.000,CA-2014-167640,Medium,OFF-PA-10001033,Xerox 1893,140.5957,7,West,37810,287,Home Office,2014-03-11 00:00:00.000,Standard Class,24.34,California,Paper,2014,North America,10
Office Supplies,San Francisco,United States,AH-101204,Adrian Hane,0.0,US,1,2014-04-09 00:00:00.000,CA-2014-150987,High,OFF-PA-10001878,Xerox 1891,114.9385,5,West,35947,245,Home Office,2014-04-13 00:00:00.000,Standard Class,25.05,California,Paper,2014,North America,15
Office Supplies,San Francisco,United States,AH-101204,Adrian Hane,0.0,US,1,2014-04-09 00:00:00.000,CA-2014-150987,High,OFF-PA-10002923,Xerox 1942,97.88,4,West,35948,196,Home Office,2014-04-13 00:00:00.000,Standard Class,34.03,California,Paper,2014,North America,15
Office Supplies,San Francisco,United States,AD-101804,Alan Dominguez,0.0,US,1,2014-05-01 00:00:00.000,US-2014-136784,Medium,OFF-PA-10000675,Xerox 1919,80.3404,4,West,36585,164,Home Office,2014-05-06 00:00:00.000,Standard Class,7.09,California,Paper,2014,North America,18
Office Supplies,San Francisco,United States,MK-181604,Mike Kennedy,0.0,US,1,2014-05-04 00:00:00.000,CA-2014-163209,Medium,OFF-PA-10001166,Xerox 2,12.4416,4,West,38905,26,Consumer,2014-05-08 00:00:00.000,Standard Class,1.57,California,Paper,2014,North America,19
Office Supplies,San Francisco,United States,LW-169904,Lindsay Williams,0.0,US,1,2014-05-05 00:00:00.000,CA-2014-162978,Medium,OFF-PA-10002250,Things To Do Today Pad,8.4528,3,West,32650,18,Corporate,2014-05-10 00:00:00.000,Standard Class,1.38,California,Paper,2014,North America,19
Office Supplies,San Francisco,United States,TS-216104,Troy Staebel,0.0,US,1,2014-06-17 00:00:00.000,CA-2014-105214,Medium,OFF-PA-10001776,"Wirebound Message Books, Four 2 3/4"" x 5"" Forms per Page, 600 Sets per Book",8.7138,2,West,33555,19,Consumer,2014-06-20 00:00:00.000,First Class,0.07,California,Paper,2014,North America,25
Office Supplies,San Francisco,United States,GA-145154,George Ashbrook,0.0,US,1,2014-06-20 00:00:00.000,CA-2014-138870,Medium,OFF-PA-10004438,Xerox 1907,11.5432,2,West,41152,25,Consumer,2014-06-24 00:00:00.000,Standard Class,1.36,California,Paper,2014,North America,25
Office Supplies,San Francisco,United States,SH-199754,Sally Hughsby,0.0,US,1,2014-09-19 00:00:00.000,CA-2014-106180,Medium,OFF-PA-10004327,Xerox 1911,68.976,3,West,31440,144,Corporate,2014-09-24 00:00:00.000,Standard Class,15.47,California,Paper,2014,North America,38
Office Supplies,San Francisco,United States,DB-136154,Doug Bickford,0.0,US,1,2014-09-22 00:00:00.000,CA-2014-133074,High,OFF-PA-10004082,"Adams Telephone Message Book w/Frequently-Called Numbers Space, 400 Messages per Book",27.93,7,West,39820,56,Consumer,2014-09-26 00:00:00.000,Standard Class,3.28,California,Paper,2014,North America,39
Office Supplies,San Francisco,United States,NK-184904,Neil Knudson,0.0,US,1,2014-09-25 00:00:00.000,CA-2014-130148,Medium,OFF-PA-10000551,Array Memo Cubes,15.2292,6,West,40990,31,Home Office,2014-09-29 00:00:00.000,Second Class,3.36,California,Paper,2014,North America,39
Office Supplies,San Francisco,United States,RA-198854,Ruben Ausman,0.0,US,1,2014-09-27 00:00:00.000,US-2014-106145,Medium,OFF-PA-10002245,Xerox 1895,16.146,6,West,38825,36,Corporate,2014-09-27 00:00:00.000,Same Day,0.35,California,Paper,2014,North America,39
Office Supplies,San Francisco,United States,MP-181754,Mike Pelletier,0.0,US,1,2014-10-06 00:00:00.000,CA-2014-167661,High,OFF-PA-10002581,Xerox 1951,27.882,2,West,36132,62,Home Office,2014-10-11 00:00:00.000,Standard Class,8.2,California,Paper,2014,North America,41
Office Supplies,San Francisco,United States,JK-152054,Jamie Kunitz,0.0,US,1,2014-10-31 00:00:00.000,CA-2014-123491,Medium,OFF-PA-10003424,"""While you Were Out"" Message Book, One Form per Page",3.71,2,West,33005,7,Consumer,2014-11-06 00:00:00.000,Standard Class,0.84,California,Paper,2014,North America,44
Office Supplies,San Francisco,United States,PG-188954,Paul Gonzalez,0.0,US,1,2014-11-04 00:00:00.000,CA-2014-148320,Medium,OFF-PA-10003022,Xerox 1992,17.5812,6,West,36996,36,Consumer,2014-11-09 00:00:00.000,Standard Class,3.08,California,Paper,2014,North America,45
Office Supplies,San Francisco,United States,FM-142904,Frank Merwin,0.0,US,1,2014-11-07 00:00:00.000,US-2014-153948,Critical,OFF-PA-10000143,Astroparche Fine Business Paper,12.672,5,West,37201,26,Home Office,2014-11-07 00:00:00.000,Same Day,7.15,California,Paper,2014,North America,45
Office Supplies,San Francisco,United States,FM-142904,Frank Merwin,0.0,US,1,2014-11-07 00:00:00.000,US-2014-153948,Critical,OFF-PA-10002764,Staples,22.2264,4,West,37200,45,Home Office,2014-11-07 00:00:00.000,Same Day,9.4,California,Paper,2014,North America,45
Office Supplies,San Francisco,United States,FM-142904,Frank Merwin,0.0,US,1,2014-11-07 00:00:00.000,US-2014-153948,Critical,OFF-PA-10000157,Xerox 191,28.1718,3,West,37199,60,Home Office,2014-11-07 00:00:00.000,Same Day,16.0,California,Paper,2014,North America,45
Office Supplies,San Francisco,United States,PR-188804,Patrick Ryan,0.0,US,1,2014-11-25 00:00:00.000,CA-2014-162250,Medium,OFF-PA-10002137,"Southworth 100% Résumé Paper, 24lb.",3.501,1,West,40419,8,Consumer,2014-11-25 00:00:00.000,Same Day,0.35,California,Paper,2014,North America,48
Office Supplies,San Francisco,United States,LW-169904,Lindsay Williams,0.0,US,1,2014-11-28 00:00:00.000,CA-2014-101245,Medium,OFF-PA-10003129,Tops White Computer Printout Paper,114.9385,5,West,33231,245,Corporate,2014-12-04 00:00:00.000,Standard Class,9.13,California,Paper,2014,North America,48
Office Supplies,San Francisco,United States,VW-217754,Victoria Wilson,0.0,US,1,2014-12-03 00:00:00.000,CA-2014-116715,High,OFF-PA-10004475,Xerox 1940,53.8608,2,West,33050,110,Corporate,2014-12-06 00:00:00.000,First Class,26.87,California,Paper,2014,North America,49
Office Supplies,San Francisco,United States,VW-217754,Victoria Wilson,0.0,US,1,2014-12-03 00:00:00.000,CA-2014-116715,High,OFF-PA-10003893,Xerox 1962,3.852,2,West,33051,9,Corporate,2014-12-06 00:00:00.000,First Class,1.46,California,Paper,2014,North America,49
Office Supplies,San Francisco,United States,TC-215354,Tracy Collins,0.0,US,1,2014-12-08 00:00:00.000,CA-2014-142328,Medium,OFF-PA-10000380,"REDIFORM Incoming/Outgoing Call Register, 11"" X 8 1/2"", 100 Messages",25.02,6,West,41065,50,Home Office,2014-12-15 00:00:00.000,Standard Class,3.05,California,Paper,2014,North America,50
Office Supplies,San Francisco,United States,KH-165104,Keith Herrera,0.0,US,1,2014-12-09 00:00:00.000,CA-2014-117457,Medium,OFF-PA-10003724,"Wirebound Message Book, 4 per Page",13.3035,5,West,31704,27,Consumer,2014-12-13 00:00:00.000,Standard Class,2.17,California,Paper,2014,North America,50
Office Supplies,San Francisco,United States,KH-165104,Keith Herrera,0.0,US,1,2014-12-09 00:00:00.000,CA-2014-117457,Medium,OFF-PA-10002893,"Wirebound Service Call Books, 5 1/2"" x 4""",4.6464,1,West,31706,10,Consumer,2014-12-13 00:00:00.000,Standard Class,0.64,California,Paper,2014,North America,50
Office Supplies,San Francisco,United States,KH-165104,Keith Herrera,0.0,US,1,2014-12-09 00:00:00.000,CA-2014-117457,Medium,OFF-PA-10001970,Xerox 1908,27.4302,1,West,31708,56,Consumer,2014-12-13 00:00:00.000,Standard Class,4.74,California,Paper,2014,North America,50
Office Supplies,San Francisco,United States,DM-133454,Denise Monton,0.0,US,1,2014-12-09 00:00:00.000,CA-2014-108854,Low,OFF-PA-10003022,Standard Line “While You Were Out” Hardbound Telephone Message Book,40.4432,4,West,36704,88,Corporate,2014-12-15 00:00:00.000,Standard Class,2.27,California,Paper,2014,North America,50
Office Supplies,San Francisco,United States,EP-139154,Emily Phan,0.0,US,1,2014-12-14 00:00:00.000,CA-2014-122770,Medium,OFF-PA-10000232,Xerox 1975,6.3504,2,West,40981,13,Consumer,2014-12-19 00:00:00.000,Standard Class,0.85,California,Paper,2014,North America,51
Office Supplies,San Francisco,United States,EP-139154,Emily Phan,0.0,US,1,2014-12-14 00:00:00.000,CA-2014-122770,Medium,OFF-PA-10003172,Xerox 1996,18.6624,6,West,40979,39,Consumer,2014-12-19 00:00:00.000,Standard Class,3.8,California,Paper,2014,North America,51
Office Supplies,San Francisco,United States,LC-171404,Logan Currie,0.0,US,1,2014-12-18 00:00:00.000,CA-2014-133431,Medium,OFF-PA-10002615,"Ampad Gold Fibre Wirebound Steno Books, 6"" x 9"", Gregg Ruled",6.0858,3,West,31926,13,Consumer,2014-12-22 00:00:00.000,Standard Class,1.22,California,Paper,2014,North America,51
Office Supplies,San Diego,United States,EJ-137204,Ed Jacobs,0.0,US,1,2011-01-28 00:00:00.000,US-2011-117163,Medium,OFF-AR-10003179,Dixon Ticonderoga Core-Lock Colored Pencils,12.0252,4,West,35093,36,Consumer,2011-02-03 00:00:00.000,Standard Class,3.25,California,Art,2011,North America,5
Office Supplies,San Diego,United States,EJ-137204,Ed Jacobs,0.0,US,1,2011-01-28 00:00:00.000,US-2011-117163,Medium,OFF-ST-10003692,Recycled Steel Personal File for Hanging File Folders,14.3075,1,West,35091,57,Consumer,2011-02-03 00:00:00.000,Standard Class,4.0,California,Storage,2011,North America,5
Office Supplies,San Diego,United States,CD-127904,Cynthia Delaney,0.0,US,1,2011-02-03 00:00:00.000,CA-2011-139857,Medium,OFF-FA-10001843,Staples,5.8045,5,West,33000,12,Home Office,2011-02-07 00:00:00.000,Standard Class,0.29,California,Fasteners,2011,North America,6
Office Supplies,San Diego,United States,DB-132704,Deborah Brumfield,0.0,US,1,2011-02-05 00:00:00.000,CA-2011-107181,High,OFF-PA-10000350,"Message Book, Standard Line ""While You Were Out"", 5 1/2"" X 4"", 200 Sets/Book",16.0928,4,West,32841,34,Home Office,2011-02-09 00:00:00.000,Standard Class,3.16,California,Paper,2011,North America,6
Office Supplies,San Diego,United States,BT-115304,Bradley Talbott,0.0,US,1,2011-05-21 00:00:00.000,CA-2011-104780,Medium,OFF-AR-10003514,4009 Highlighters by Sanford,10.5072,8,West,34375,32,Home Office,2011-05-25 00:00:00.000,Standard Class,3.17,California,Art,2011,North America,21
Office Supplies,San Diego,United States,MH-177854,Maya Herman,0.0,US,1,2011-05-27 00:00:00.000,CA-2011-124429,High,OFF-ST-10001809,Fellowes Officeware Wire Shelving,7.1864,4,West,32044,359,Corporate,2011-05-27 00:00:00.000,Same Day,92.1,California,Storage,2011,North America,22
Office Supplies,San Diego,United States,CC-121454,Charles Crestani,0.0,US,1,2011-07-20 00:00:00.000,CA-2011-141726,Medium,OFF-PA-10000418,Xerox 189,50.328,1,West,37265,105,Consumer,2011-07-22 00:00:00.000,First Class,22.92,California,Paper,2011,North America,30
Office Supplies,San Diego,United States,CC-121454,Charles Crestani,0.0,US,1,2011-07-20 00:00:00.000,CA-2011-141726,Medium,OFF-PA-10002230,Xerox 1897,9.7608,4,West,37267,20,Consumer,2011-07-22 00:00:00.000,First Class,3.15,California,Paper,2011,North America,30
Office Supplies,San Diego,United States,LR-169154,Lena Radford,0.0,US,1,2011-08-08 00:00:00.000,CA-2011-131450,Medium,OFF-AP-10004708,Fellowes Superior 10 Outlet Split Surge Protector,22.0748,2,West,31891,76,Consumer,2011-08-15 00:00:00.000,Standard Class,6.7,California,Appliances,2011,North America,33
Office Supplies,San Diego,United States,ED-138854,Emily Ducich,0.0,US,1,2011-08-09 00:00:00.000,CA-2011-110527,Medium,OFF-LA-10000262,Avery 494,9.6048,8,West,33037,21,Home Office,2011-08-16 00:00:00.000,Standard Class,0.77,California,Labels,2011,North America,33
Office Supplies,San Diego,United States,HG-149654,Henry Goldwyn,0.0,US,1,2011-09-20 00:00:00.000,CA-2011-126480,Medium,OFF-PA-10004610,Xerox 1900,3.852,2,West,40252,9,Corporate,2011-09-24 00:00:00.000,Standard Class,0.63,California,Paper,2011,North America,39
Office Supplies,San Diego,United States,KF-162854,Karen Ferguson,0.0,US,1,2011-09-26 00:00:00.000,CA-2011-132451,Critical,OFF-PA-10004888,Xerox 217,9.3312,3,West,36766,19,Home Office,2011-09-27 00:00:00.000,First Class,5.1,California,Paper,2011,North America,40
Office Supplies,San Diego,United States,TH-211004,Thea Hendricks,0.0,US,1,2011-09-27 00:00:00.000,US-2011-133130,High,OFF-PA-10000675,Xerox 1919,40.1702,2,West,34610,82,Consumer,2011-10-01 00:00:00.000,Standard Class,5.09,California,Paper,2011,North America,40
Office Supplies,San Diego,United States,RD-199004,Ruben Dartt,0.0,US,1,2011-11-10 00:00:00.000,CA-2011-158372,Low,OFF-LA-10000407,Avery White Multi-Purpose Labels,18.3264,8,West,34504,40,Consumer,2011-11-16 00:00:00.000,Standard Class,3.37,California,Labels,2011,North America,46
Office Supplies,San Diego,United States,RD-199004,Ruben Dartt,0.0,US,1,2011-11-10 00:00:00.000,CA-2011-158372,Low,OFF-PA-10002137,"Southworth 100% Résumé Paper, 24lb.",28.008,8,West,34502,62,Consumer,2011-11-16 00:00:00.000,Standard Class,4.44,California,Paper,2011,North America,46
Office Supplies,San Diego,United States,AS-100904,Adam Shillingsburg,0.0,US,1,2011-12-24 00:00:00.000,CA-2011-132913,High,OFF-AP-10003278,Belkin 7-Outlet SurgeMaster Home Series,3.6322,1,West,40245,14,Consumer,2011-12-26 00:00:00.000,First Class,2.16,California,Appliances,2011,North America,52
Office Supplies,San Diego,United States,CK-125954,Clytie Kelty,0.0,US,1,2011-12-26 00:00:00.000,CA-2011-106264,Medium,OFF-SU-10002189,Acme Rosewood Handle Letter Opener,0.1191,3,West,34589,12,Consumer,2011-12-30 00:00:00.000,Standard Class,0.64,California,Supplies,2011,North America,53
Office Supplies,San Diego,United States,JD-161504,Justin Deggeller,0.0,US,1,2012-03-22 00:00:00.000,US-2012-163279,Medium,OFF-PA-10003127,Staples,48.5392,4,West,37107,106,Corporate,2012-03-26 00:00:00.000,Standard Class,7.5,California,Paper,2012,North America,12
Office Supplies,San Diego,United States,RB-194354,Richard Bierner,0.0,US,1,2012-03-29 00:00:00.000,US-2012-103996,High,OFF-PA-10001609,Tops Wirebound Message Log Books,4.5402,3,West,36028,10,Consumer,2012-03-31 00:00:00.000,Second Class,2.51,California,Paper,2012,North America,13
Office Supplies,San Diego,United States,RB-194354,Richard Bierner,0.0,US,1,2012-03-29 00:00:00.000,US-2012-103996,High,OFF-PA-10001736,Xerox 1880,99.9408,6,West,36027,213,Consumer,2012-03-31 00:00:00.000,Second Class,15.03,California,Paper,2012,North America,13
Office Supplies,San Diego,United States,BW-111104,Bart Watters,0.0,US,1,2012-04-26 00:00:00.000,CA-2012-137302,Medium,OFF-AR-10000588,Newell 345,15.4752,3,West,39126,60,Corporate,2012-05-01 00:00:00.000,Standard Class,4.15,California,Art,2012,North America,17
Office Supplies,San Diego,United States,BG-117404,Bruce Geld,0.0,US,1,2012-06-18 00:00:00.000,CA-2012-154200,High,OFF-AR-10001044,"BOSTON Ranger #55 Pencil Sharpener, Black",15.0742,2,West,35491,52,Consumer,2012-06-22 00:00:00.000,Standard Class,8.76,California,Art,2012,North America,25
Office Supplies,San Diego,United States,PF-191654,Philip Fox,0.0,US,1,2012-08-27 00:00:00.000,CA-2012-101707,Medium,OFF-LA-10000134,Avery 511,1.4784,1,West,32591,3,Consumer,2012-09-01 00:00:00.000,Standard Class,0.1,California,Labels,2012,North America,35
Office Supplies,San Diego,United States,PF-191654,Philip Fox,0.0,US,1,2012-08-27 00:00:00.000,CA-2012-101707,Medium,OFF-PA-10002968,Xerox 1973,52.532,5,West,32590,114,Consumer,2012-09-01 00:00:00.000,Standard Class,9.14,California,Paper,2012,North America,35
Office Supplies,San Diego,United States,PF-191654,Philip Fox,0.0,US,1,2012-08-27 00:00:00.000,CA-2012-101707,Medium,OFF-SU-10001218,Fiskars Softgrip Scissors,9.2232,3,West,32589,33,Consumer,2012-09-01 00:00:00.000,Standard Class,0.96,California,Supplies,2012,North America,35
Office Supplies,San Diego,United States,SB-202904,Sean Braxton,0.0,US,1,2012-09-11 00:00:00.000,CA-2012-153794,Medium,OFF-AR-10000380,"Hunt PowerHouse Electric Pencil Sharpener, Blue",79.758,7,West,37969,266,Corporate,2012-09-16 00:00:00.000,Standard Class,14.44,California,Art,2012,North America,37
Office Supplies,San Diego,United States,CM-121904,Charlotte Melton,0.0,US,1,2012-09-18 00:00:00.000,CA-2012-101154,High,OFF-ST-10004186,"Stur-D-Stor Shelving, Vertical 5-Shelf: 72""H x 36""W x 18 1/2""D",8.8784,4,West,36915,444,Consumer,2012-09-21 00:00:00.000,First Class,20.0,California,Storage,2012,North America,38
Office Supplies,San Diego,United States,BS-118004,Bryan Spruell,0.0,US,1,2012-09-26 00:00:00.000,CA-2012-122371,Medium,OFF-EN-10000056,Cameo Buff Policy Envelopes,58.4962,2,West,33794,124,Home Office,2012-10-01 00:00:00.000,Standard Class,2.74,California,Envelopes,2012,North America,39
Office Supplies,San Diego,United States,BS-118004,Bryan Spruell,0.0,US,1,2012-09-26 00:00:00.000,CA-2012-122371,Medium,OFF-ST-10002370,"Sortfiler Multipurpose Personal File Organizer, Black",18.6093,3,West,33793,64,Home Office,2012-10-01 00:00:00.000,Standard Class,6.21,California,Storage,2012,North America,39
Office Supplies,San Diego,United States,JF-153554,Jay Fein,0.0,US,1,2012-10-23 00:00:00.000,CA-2012-132486,High,OFF-EN-10002600,"Redi-Strip #10 Envelopes, 4 1/8 x 9 1/2",5.664,4,West,35168,12,Consumer,2012-10-27 00:00:00.000,Second Class,0.68,California,Envelopes,2012,North America,43
Office Supplies,San Diego,United States,JF-153554,Jay Fein,0.0,US,1,2012-10-23 00:00:00.000,CA-2012-132486,High,OFF-PA-10004971,Xerox 196,5.6644,2,West,35167,12,Consumer,2012-10-27 00:00:00.000,Second Class,2.08,California,Paper,2012,North America,43
Office Supplies,San Diego,United States,MZ-173354,Maria Zettner,0.0,US,1,2012-11-08 00:00:00.000,CA-2012-117611,Critical,OFF-FA-10002280,Advantus Plastic Paper Clips,2.4,1,West,33556,5,Home Office,2012-11-10 00:00:00.000,Second Class,0.69,California,Fasteners,2012,North America,45
Office Supplies,San Diego,United States,JG-158054,John Grady,0.0,US,1,2012-11-16 00:00:00.000,CA-2012-120446,High,OFF-LA-10003148,Avery 51,8.694,3,West,38738,19,Corporate,2012-11-18 00:00:00.000,First Class,3.31,California,Labels,2012,North America,46
Office Supplies,San Diego,United States,BS-116654,Brian Stugart,0.0,US,1,2012-11-17 00:00:00.000,CA-2012-126725,High,OFF-PA-10001639,Xerox 203,15.552,5,West,37142,32,Consumer,2012-11-21 00:00:00.000,Standard Class,4.39,California,Paper,2012,North America,46
Office Supplies,San Diego,United States,BS-116654,Brian Stugart,0.0,US,1,2012-11-17 00:00:00.000,CA-2012-126725,High,OFF-ST-10001418,Carina Media Storage Towers in Natural & Black,6.098,5,West,37139,305,Consumer,2012-11-21 00:00:00.000,Standard Class,23.14,California,Storage,2012,North America,46
Office Supplies,San Diego,United States,BS-116654,Brian Stugart,0.0,US,1,2012-11-17 00:00:00.000,CA-2012-126725,High,OFF-ST-10000129,Fellowes Recycled Storage Drawers,54.4047,7,West,37141,777,Consumer,2012-11-21 00:00:00.000,Standard Class,43.12,California,Storage,2012,North America,46
Office Supplies,San Diego,United States,CS-122504,Chris Selesnick,0.0,US,1,2012-11-20 00:00:00.000,CA-2012-136420,High,OFF-LA-10002762,Avery 485,23.5564,4,West,40358,50,Corporate,2012-11-21 00:00:00.000,First Class,9.59,California,Labels,2012,North America,47
Office Supplies,San Diego,United States,NP-183254,Naresj Patel,0.0,US,1,2012-12-06 00:00:00.000,CA-2012-143490,Medium,OFF-AR-10002952,Stanley Contemporary Battery Pencil Sharpeners,33.642,9,West,32388,120,Consumer,2012-12-13 00:00:00.000,Standard Class,4.44,California,Art,2012,North America,49
Office Supplies,San Diego,United States,DK-133754,Dennis Kane,0.0,US,1,2012-12-12 00:00:00.000,CA-2012-145065,Medium,OFF-FA-10001229,Staples,3.6156,2,West,33684,8,Consumer,2012-12-15 00:00:00.000,First Class,0.92,California,Fasteners,2012,North America,50
Office Supplies,San Diego,United States,RA-192854,Ralph Arnett,0.0,US,1,2012-12-25 00:00:00.000,CA-2012-111780,High,OFF-PA-10001667,Great White Multi-Use Recycled Paper (20Lb. and 84 Bright),8.073,3,West,37361,18,Consumer,2012-12-30 00:00:00.000,Second Class,0.02,California,Paper,2012,North America,52
Office Supplies,San Diego,United States,RA-192854,Ralph Arnett,0.0,US,1,2012-12-25 00:00:00.000,CA-2012-111780,High,OFF-PA-10001307,"Important Message Pads, 50 4-1/4 x 5-1/2 Forms per Pad",6.174,3,West,37360,13,Consumer,2012-12-30 00:00:00.000,Second Class,2.16,California,Paper,2012,North America,52
Office Supplies,San Diego,United States,FP-143204,Frank Preis,0.0,US,1,2013-01-22 00:00:00.000,CA-2013-125850,Medium,OFF-LA-10003498,Avery 475,22.2,3,West,37048,44,Consumer,2013-01-28 00:00:00.000,Standard Class,4.18,California,Labels,2013,North America,4
Office Supplies,San Diego,United States,FP-143204,Frank Preis,0.0,US,1,2013-01-22 00:00:00.000,CA-2013-125850,Medium,OFF-LA-10004484,Avery 476,9.499,5,West,37049,21,Consumer,2013-01-28 00:00:00.000,Standard Class,0.28,California,Labels,2013,North America,4
Office Supplies,San Diego,United States,AZ-107504,Annie Zypern,0.0,US,1,2013-02-05 00:00:00.000,CA-2013-100993,Medium,OFF-LA-10003223,Avery 508,7.2177,3,West,39438,15,Consumer,2013-02-10 00:00:00.000,Standard Class,0.89,California,Labels,2013,North America,6
Office Supplies,San Diego,United States,AZ-107504,Annie Zypern,0.0,US,1,2013-02-05 00:00:00.000,CA-2013-100993,Medium,OFF-ST-10004340,"Fellowes Mobile File Cart, Black",50.3658,3,West,39439,187,Consumer,2013-02-10 00:00:00.000,Standard Class,11.07,California,Storage,2013,North America,6
Office Supplies,San Diego,United States,MG-178904,Michael Granlund,0.0,US,1,2013-03-05 00:00:00.000,CA-2013-154053,Medium,OFF-AR-10003727,Berol Giant Pencil Sharpener,4.9271,1,West,33903,17,Home Office,2013-03-11 00:00:00.000,Standard Class,1.61,California,Art,2013,North America,10
Office Supplies,San Diego,United States,JK-161204,Julie Kriz,0.0,US,1,2013-04-16 00:00:00.000,CA-2013-117849,High,OFF-PA-10004327,Xerox 1911,68.976,3,West,33549,144,Home Office,2013-04-18 00:00:00.000,Second Class,18.75,California,Paper,2013,North America,16
Office Supplies,San Diego,United States,IG-150854,Ivan Gibson,0.0,US,1,2013-06-18 00:00:00.000,CA-2013-159345,High,OFF-PA-10000806,Xerox 1934,54.8604,2,West,32848,112,Consumer,2013-06-23 00:00:00.000,Standard Class,17.26,California,Paper,2013,North America,25
Office Supplies,San Diego,United States,MJ-177404,Max Jones,0.0,US,1,2013-06-25 00:00:00.000,CA-2013-100300,High,OFF-AP-10001242,APC 7 Outlet Network SurgeArrest Surge Protector,72.432,3,West,40464,241,Consumer,2013-06-27 00:00:00.000,Second Class,45.18,California,Appliances,2013,North America,26
Office Supplies,San Diego,United States,MJ-177404,Max Jones,0.0,US,1,2013-06-25 00:00:00.000,CA-2013-100300,High,OFF-PA-10000418,Xerox 189,50.328,1,West,40463,105,Consumer,2013-06-27 00:00:00.000,Second Class,12.47,California,Paper,2013,North America,26
Office Supplies,San Diego,United States,KC-165404,Kelly Collister,0.0,US,1,2013-09-12 00:00:00.000,CA-2013-145625,Medium,OFF-PA-10004569,"Wirebound Message Books, Two 4 1/4"" x 5"" Forms per Page",3.5767,1,West,31547,8,Consumer,2013-09-18 00:00:00.000,Standard Class,0.36,California,Paper,2013,North America,37
Office Supplies,San Diego,United States,JW-152204,Jane Waco,0.0,US,1,2013-09-19 00:00:00.000,CA-2013-133935,High,OFF-PA-10000100,Xerox 1945,180.7659,9,West,37178,369,Corporate,2013-09-23 00:00:00.000,Standard Class,23.3,California,Paper,2013,North America,38
Office Supplies,San Diego,United States,DV-130454,Darrin Van Huff,0.0,US,1,2013-09-24 00:00:00.000,CA-2013-106656,High,OFF-EN-10001509,Poly String Tie Envelopes,1.9176,2,West,36595,4,Corporate,2013-09-27 00:00:00.000,First Class,0.96,California,Envelopes,2013,North America,39
Office Supplies,San Diego,United States,DV-130454,Darrin Van Huff,0.0,US,1,2013-09-24 00:00:00.000,CA-2013-106656,High,OFF-LA-10003148,Avery 51,8.694,3,West,36596,19,Corporate,2013-09-27 00:00:00.000,First Class,4.32,California,Labels,2013,North America,39
Office Supplies,San Diego,United States,JE-157454,Joel Eaton,0.0,US,1,2013-10-22 00:00:00.000,CA-2013-144729,Medium,OFF-ST-10004804,"Belkin 19"" Vented Equipment Shelf, Black",1.5444,3,West,34072,154,Consumer,2013-10-26 00:00:00.000,Standard Class,8.24,California,Storage,2013,North America,43
Office Supplies,San Diego,United States,IM-150704,Irene Maddox,0.0,US,1,2013-11-07 00:00:00.000,CA-2013-109925,Medium,OFF-ST-10003442,Eldon Portable Mobile Manager,22.9068,3,West,36280,85,Consumer,2013-11-11 00:00:00.000,Second Class,5.31,California,Storage,2013,North America,45
Office Supplies,San Diego,United States,DS-131804,David Smith,0.0,US,1,2013-12-15 00:00:00.000,CA-2013-146325,Medium,OFF-ST-10001590,"Tenex Personal Project File with Scoop Front Design, Black",35.048,10,West,39238,135,Corporate,2013-12-18 00:00:00.000,First Class,8.45,California,Storage,2013,North America,51
Office Supplies,San Diego,United States,KA-165254,Kelly Andreada,0.0,US,1,2014-05-31 00:00:00.000,CA-2014-116498,High,OFF-AR-10003405,"Dixon My First Ticonderoga Pencil, #2",10.179,6,West,40983,35,Consumer,2014-06-04 00:00:00.000,Standard Class,3.53,California,Art,2014,North America,22
Office Supplies,San Diego,United States,OT-187304,Olvera Toch,0.0,US,1,2014-06-27 00:00:00.000,CA-2014-115364,Medium,OFF-ST-10002486,Eldon Shelf Savers Cubes and Bins,1.6752,12,West,32183,84,Consumer,2014-07-03 00:00:00.000,Standard Class,5.4,California,Storage,2014,North America,26
Office Supplies,San Diego,United States,SW-204554,Shaun Weien,0.0,US,1,2014-07-22 00:00:00.000,CA-2014-145429,High,OFF-PA-10003205,"Wirebound Message Forms, Four 2 3/4 x 5 Forms per Page, Pink Paper",7.6798,2,West,37995,16,Consumer,2014-07-26 00:00:00.000,Standard Class,1.65,California,Paper,2014,North America,30
Office Supplies,San Diego,United States,CS-122504,Chris Selesnick,0.0,US,1,2014-10-09 00:00:00.000,CA-2014-105487,Medium,OFF-ST-10002301,Tennsco Commercial Shelving,0.4068,2,West,36780,41,Corporate,2014-10-15 00:00:00.000,Standard Class,2.03,California,Storage,2014,North America,41
Office Supplies,San Diego,United States,AJ-109604,Astrea Jones,0.0,US,1,2014-10-18 00:00:00.000,CA-2014-123246,Medium,OFF-AR-10001770,Economy #2 Pencils,2.7664,4,West,35160,11,Consumer,2014-10-20 00:00:00.000,Second Class,0.86,California,Art,2014,North America,42
Office Supplies,San Diego,United States,AA-106454,Anna Andreadi,0.0,US,1,2014-11-06 00:00:00.000,CA-2014-157196,Medium,OFF-PA-10003172,Xerox 1996,6.2208,2,West,38786,13,Consumer,2014-11-10 00:00:00.000,Standard Class,0.23,California,Paper,2014,North America,45
Office Supplies,San Diego,United States,SW-202754,Scott Williamson,0.0,US,1,2014-11-17 00:00:00.000,CA-2014-137022,Medium,OFF-ST-10001963,Tennsco Regal Shelving Units,24.3384,8,West,34170,811,Consumer,2014-11-23 00:00:00.000,Standard Class,50.71,California,Storage,2014,North America,47
Office Supplies,San Diego,United States,EP-139154,Emily Phan,0.0,US,1,2014-11-29 00:00:00.000,CA-2014-131303,High,OFF-LA-10001074,Round Specialty Laser Printer Labels,29.4455,5,West,41039,63,Consumer,2014-12-03 00:00:00.000,Standard Class,9.13,California,Labels,2014,North America,48
Office Supplies,San Diego,United States,TC-212954,Toby Carlisle,0.0,US,1,2014-12-04 00:00:00.000,CA-2014-136875,High,OFF-PA-10000357,Xerox 1888,79.8912,3,West,33971,166,Consumer,2014-12-04 00:00:00.000,Same Day,36.43,California,Paper,2014,North America,49
Office Supplies,San Diego,United States,NP-183254,Naresj Patel,0.0,US,1,2014-12-06 00:00:00.000,CA-2014-126865,Critical,OFF-PA-10003039,Xerox 1960,41.823,3,West,33221,93,Consumer,2014-12-08 00:00:00.000,Second Class,18.58,California,Paper,2014,North America,49
Office Supplies,San Diego,United States,MP-181754,Mike Pelletier,0.0,US,1,2014-12-15 00:00:00.000,CA-2014-169859,High,OFF-EN-10000461,"#10- 4 1/8"" x 9 1/2"" Recycled Envelopes",20.539,5,West,34245,44,Home Office,2014-12-19 00:00:00.000,Standard Class,7.57,California,Envelopes,2014,North America,51
Office Supplies,Roseville,United States,RB-194354,Richard Bierner,0.0,US,1,2011-03-11 00:00:00.000,US-2011-103338,High,OFF-AR-10001770,Economy #2 Pencils,2.0748,3,West,39596,8,Consumer,2011-03-15 00:00:00.000,Standard Class,1.04,California,Art,2011,North America,11
Office Supplies,Huntington Beach,United States,DK-132254,Dean Katz,0.0,US,1,2011-03-14 00:00:00.000,CA-2011-157623,High,OFF-AR-10003723,Avery Hi-Liter Fluorescent Desk Style Markers,1.2506,1,West,33188,3,Corporate,2011-03-18 00:00:00.000,Standard Class,0.4,California,Art,2011,North America,12
Office Supplies,Burbank,United States,SC-200504,Sample Company A,0.0,US,1,2011-03-18 00:00:00.000,US-2011-131275,Medium,OFF-ST-10000078,Tennsco 6- and 18-Compartment Lockers,334.1142,7,West,38626,1856,Home Office,2011-03-24 00:00:00.000,Standard Class,93.9,California,Storage,2011,North America,12
Office Supplies,Pomona,United States,CS-125054,Cindy Stewart,0.0,US,1,2011-03-26 00:00:00.000,CA-2011-100860,High,OFF-LA-10001982,Smead Alpha-Z Color-Coded Name Labels First Letter Starter Set,9.0,5,West,40956,19,Consumer,2011-03-30 00:00:00.000,Second Class,2.74,California,Labels,2011,North America,13
Office Supplies,Vallejo,United States,KM-167204,Kunst Miller,0.0,US,1,2011-04-01 00:00:00.000,US-2011-157021,Medium,OFF-LA-10002312,Avery 490,14.8,2,West,32669,30,Consumer,2011-04-06 00:00:00.000,Second Class,3.01,California,Labels,2011,North America,14
Office Supplies,Lodi,United States,EH-137654,Edward Hooks,0.0,US,1,2011-04-12 00:00:00.000,CA-2011-142979,Low,OFF-AR-10002987,Prismacolor Color Pencil Set,16.2688,2,West,41146,40,Corporate,2011-04-18 00:00:00.000,Standard Class,4.53,California,Art,2011,North America,16
Office Supplies,San Gabriel,United States,BT-113054,Beth Thompson,0.0,US,1,2011-04-25 00:00:00.000,CA-2011-166954,High,OFF-AP-10001391,Kensington 6 Outlet MasterPiece HOMEOFFICE Power Control Center,78.5088,3,West,35673,271,Home Office,2011-04-30 00:00:00.000,Standard Class,45.48,California,Appliances,2011,North America,18
Office Supplies,San Jose,United States,GM-146804,Greg Matthias,0.0,US,1,2011-05-10 00:00:00.000,CA-2011-103310,Medium,OFF-SU-10004737,Acme Design Stainless Steel Bent Scissors,11.0808,6,West,40495,41,Consumer,2011-05-15 00:00:00.000,Standard Class,1.8,California,Supplies,2011,North America,20
Office Supplies,Riverside,United States,JD-158954,Jonathan Doherty,0.0,US,1,2011-07-20 00:00:00.000,CA-2011-127866,High,OFF-AR-10003481,Newell 348,3.8048,4,West,39428,13,Corporate,2011-07-23 00:00:00.000,First Class,0.63,California,Art,2011,North America,30
Office Supplies,Riverside,United States,JD-158954,Jonathan Doherty,0.0,US,1,2011-07-20 00:00:00.000,CA-2011-127866,High,OFF-ST-10001490,"Hot File 7-Pocket, Floor Stand",160.623,3,West,39429,535,Corporate,2011-07-23 00:00:00.000,First Class,17.7,California,Storage,2011,North America,30
Office Supplies,Vacaville,United States,TM-210104,Tamara Manning,0.0,US,1,2011-08-08 00:00:00.000,CA-2011-154669,Medium,OFF-ST-10000532,Advantus Rolling Drawer Organizers,110.0528,11,West,34047,423,Consumer,2011-08-11 00:00:00.000,Second Class,44.72,California,Storage,2011,North America,33
Office Supplies,Escondido,United States,LT-167654,Larry Tron,0.0,US,1,2011-09-01 00:00:00.000,CA-2011-126522,High,OFF-AR-10004042,"BOSTON Model 1800 Electric Pencil Sharpeners, Putty/Woodgrain",15.6426,3,West,32458,54,Consumer,2011-09-05 00:00:00.000,Second Class,1.8,California,Art,2011,North America,36
Office Supplies,Santa Clara,United States,LR-170354,Lisa Ryan,0.0,US,1,2011-09-07 00:00:00.000,CA-2011-109918,Medium,OFF-SU-10004290,"Acme Design Line 8"" Stainless Steel Bent Scissors w/Champagne Handles, 3-1/8"" Cut",7.3872,4,West,39663,27,Corporate,2011-09-12 00:00:00.000,Second Class,1.89,California,Supplies,2011,North America,37
Office Supplies,Chula Vista,United States,NR-185504,Nick Radford,0.0,US,1,2011-09-17 00:00:00.000,CA-2011-112851,Medium,OFF-EN-10001453,"Tyvek Interoffice Envelopes, 9 1/2"" x 12 1/2"", 100/Box",85.9818,3,West,36060,183,Consumer,2011-09-21 00:00:00.000,Standard Class,18.49,California,Envelopes,2011,North America,38
Office Supplies,Long Beach,United States,FA-142304,Frank Atkinson,0.0,US,1,2011-09-19 00:00:00.000,CA-2011-156601,Medium,OFF-FA-10000624,OIC Binder Clips,3.58,2,West,31619,7,Corporate,2011-09-24 00:00:00.000,Standard Class,0.17,California,Fasteners,2011,North America,39
Office Supplies,San Jose,United States,SE-201104,Sanjit Engle,0.0,US,1,2011-09-22 00:00:00.000,CA-2011-158225,Medium,OFF-ST-10000675,"File Shuttle II and Handi-File, Black",42.3625,5,West,39529,169,Consumer,2011-09-28 00:00:00.000,Standard Class,6.61,California,Storage,2011,North America,39
Office Supplies,San Jose,United States,SE-201104,Sanjit Engle,0.0,US,1,2011-09-22 00:00:00.000,CA-2011-158225,Medium,OFF-ST-10002301,Tennsco Commercial Shelving,0.4068,2,West,39530,41,Consumer,2011-09-28 00:00:00.000,Standard Class,3.03,California,Storage,2011,North America,39
Office Supplies,Vallejo,United States,DF-131354,David Flashing,0.0,US,1,2011-10-04 00:00:00.000,CA-2011-153479,High,OFF-LA-10004689,Avery 512,6.7915,5,West,34020,14,Consumer,2011-10-08 00:00:00.000,Standard Class,1.41,California,Labels,2011,North America,41
Office Supplies,Manteca,United States,TN-210404,Tanja Norvell,0.0,US,1,2011-10-10 00:00:00.000,CA-2011-140403,Critical,OFF-EN-10001219,"#10- 4 1/8"" x 9 1/2"" Security-Tint Envelopes",7.4872,2,West,35830,15,Home Office,2011-10-10 00:00:00.000,Same Day,3.51,California,Envelopes,2011,North America,42
Office Supplies,Pasadena,United States,HA-149204,Helen Andreada,0.0,US,1,2011-10-11 00:00:00.000,CA-2011-157924,High,OFF-ST-10002352,Iris Project Case,8.2992,4,West,35464,32,Consumer,2011-10-13 00:00:00.000,First Class,4.81,California,Storage,2011,North America,42
Office Supplies,Redondo Beach,United States,AS-102404,Alan Shonely,0.0,US,1,2011-10-11 00:00:00.000,CA-2011-128538,Medium,OFF-EN-10001219,"#10- 4 1/8"" x 9 1/2"" Security-Tint Envelopes",3.7436,1,West,37511,8,Consumer,2011-10-15 00:00:00.000,Standard Class,0.33,California,Envelopes,2011,North America,42
Office Supplies,Long Beach,United States,TH-212354,Tiffany House,0.0,US,1,2011-11-04 00:00:00.000,US-2011-134187,Medium,OFF-AR-10000940,Newell 343,0.7938,1,West,36950,3,Corporate,2011-11-11 00:00:00.000,Standard Class,0.24,California,Art,2011,North America,45
Office Supplies,Huntington Beach,United States,AH-100754,Adam Hart,0.0,US,1,2011-11-16 00:00:00.000,CA-2011-160066,Medium,OFF-LA-10001045,Permanent Self-Adhesive File Folder Labels for Typewriters by Universal,2.4012,2,West,36279,5,Corporate,2011-11-22 00:00:00.000,Standard Class,0.51,California,Labels,2011,North America,47
Office Supplies,Brentwood,United States,LW-168254,Laurel Workman,0.0,US,1,2011-11-25 00:00:00.000,CA-2011-164721,High,OFF-AP-10000240,Belkin F9G930V10-GRY 9 Outlet Surge,93.0552,6,West,33280,321,Corporate,2011-11-27 00:00:00.000,Second Class,41.8,California,Appliances,2011,North America,48
Office Supplies,Fresno,United States,LS-172004,Luke Schmidt,0.0,US,1,2011-11-26 00:00:00.000,CA-2011-141110,Medium,OFF-AP-10000692,Fellowes Mighty 8 Compact Surge Protector,11.3512,2,West,39897,41,Corporate,2011-12-01 00:00:00.000,Standard Class,2.9,California,Appliances,2011,North America,48
Office Supplies,Oakland,United States,LH-171554,Logan Haushalter,0.0,US,1,2011-12-12 00:00:00.000,CA-2011-113320,High,OFF-ST-10000617,Woodgrain Magazine Files by Perma,0.6258,3,West,36151,9,Consumer,2011-12-15 00:00:00.000,Second Class,0.56,California,Storage,2011,North America,51
Office Supplies,San Jose,United States,KM-166604,Khloe Miller,0.0,US,1,2011-12-22 00:00:00.000,CA-2011-133543,Medium,OFF-AR-10003394,Newell 332,3.1752,4,West,37442,12,Consumer,2011-12-26 00:00:00.000,Standard Class,1.18,California,Art,2011,North America,52
Office Supplies,Moreno Valley,United States,CD-127904,Cynthia Delaney,0.0,US,1,2011-12-27 00:00:00.000,CA-2011-166961,Medium,OFF-AP-10001366,Staples,2.9646,1,West,39072,11,Home Office,2011-12-31 00:00:00.000,Standard Class,0.95,California,Appliances,2011,North America,53
Office Supplies,Moreno Valley,United States,CD-127904,Cynthia Delaney,0.0,US,1,2011-12-27 00:00:00.000,CA-2011-166961,Medium,OFF-FA-10003485,Staples,3.6156,3,West,39073,8,Home Office,2011-12-31 00:00:00.000,Standard Class,0.3,California,Fasteners,2011,North America,53
Office Supplies,Moreno Valley,United States,CD-127904,Cynthia Delaney,0.0,US,1,2011-12-27 00:00:00.000,CA-2011-166961,Medium,OFF-ST-10004507,Advantus Rolling Storage Box,13.8915,3,West,39074,51,Home Office,2011-12-31 00:00:00.000,Standard Class,0.19,California,Storage,2011,North America,53
Office Supplies,Anaheim,United States,MD-173504,Maribeth Dona,0.0,US,1,2011-12-28 00:00:00.000,CA-2011-143371,Medium,OFF-ST-10001128,"Carina Mini System Audio Rack, Model AR050B",29.9646,9,West,41239,999,Consumer,2012-01-03 00:00:00.000,Standard Class,76.28,California,Storage,2011,North America,53
Office Supplies,Anaheim,United States,MD-173504,Maribeth Dona,0.0,US,1,2011-12-28 00:00:00.000,CA-2011-143371,Medium,OFF-SU-10002537,Acme Box Cutter Scissors,13.299,5,West,41240,51,Consumer,2012-01-03 00:00:00.000,Standard Class,2.23,California,Supplies,2011,North America,53
Office Supplies,Brentwood,United States,AI-108554,Arianne Irving,0.0,US,1,2011-12-29 00:00:00.000,CA-2011-102330,Medium,OFF-LA-10003923,Alphabetical Labels for Top Tab Filing,44.4,6,West,38989,89,Consumer,2012-01-03 00:00:00.000,Standard Class,7.9,California,Labels,2011,North America,53
Office Supplies,Long Beach,United States,GT-147554,Guy Thornton,0.0,US,1,2012-02-18 00:00:00.000,CA-2012-105725,Medium,OFF-LA-10003510,"Avery 4027 File Folder Labels for Dot Matrix Printers, 5000 Labels per Box, White",28.0876,2,West,36035,61,Consumer,2012-02-24 00:00:00.000,Standard Class,2.64,California,Labels,2012,North America,7
Office Supplies,Lancaster,United States,GA-147254,Guy Armstrong,0.0,US,1,2012-03-19 00:00:00.000,CA-2012-149993,High,OFF-FA-10001561,Stockwell Push Pins,3.597,5,West,36884,11,Consumer,2012-03-20 00:00:00.000,First Class,2.63,California,Fasteners,2012,North America,12
Office Supplies,San Bernardino,United States,BK-112604,Berenike Kampe,0.0,US,1,2012-03-19 00:00:00.000,CA-2012-113110,High,OFF-LA-10000240,Self-Adhesive Address Labels for Typewriters by Universal,6.8714,2,West,33314,15,Consumer,2012-03-23 00:00:00.000,Standard Class,2.46,California,Labels,2012,North America,12
Office Supplies,San Bernardino,United States,BK-112604,Berenike Kampe,0.0,US,1,2012-03-19 00:00:00.000,CA-2012-113110,High,OFF-SU-10001165,Acme Elite Stainless Steel Scissors,8.6736,4,West,33315,33,Consumer,2012-03-23 00:00:00.000,Standard Class,5.12,California,Supplies,2012,North America,12
Office Supplies,Santa Maria,United States,NC-184154,Nathan Cano,0.0,US,1,2012-04-18 00:00:00.000,US-2012-113593,High,OFF-ST-10000532,Advantus Rolling Drawer Organizers,30.0144,3,West,37436,115,Consumer,2012-04-20 00:00:00.000,First Class,37.95,California,Storage,2012,North America,16
Office Supplies,San Jose,United States,SP-206504,Stephanie Phelps,0.0,US,1,2012-05-31 00:00:00.000,CA-2012-124919,High,OFF-ST-10001590,"Tenex Personal Project File with Scoop Front Design, Black",21.0288,6,West,31452,81,Corporate,2012-06-02 00:00:00.000,First Class,14.9,California,Storage,2012,North America,22
Office Supplies,Long Beach,United States,CS-123554,Christine Sundaresam,0.0,US,1,2012-06-23 00:00:00.000,CA-2012-139164,Medium,OFF-FA-10003059,Assorted Color Push Pins,1.7919,3,West,38001,5,Consumer,2012-06-28 00:00:00.000,Standard Class,0.34,California,Fasteners,2012,North America,25
Office Supplies,Oxnard,United States,BP-110954,Bart Pistole,0.0,US,1,2012-07-26 00:00:00.000,CA-2012-148180,Medium,OFF-AR-10002067,Newell 334,25.792,5,West,38733,99,Corporate,2012-07-31 00:00:00.000,Standard Class,4.9,California,Art,2012,North America,30
Office Supplies,Yucaipa,United States,ON-187154,Odella Nelson,0.0,US,1,2012-08-13 00:00:00.000,CA-2012-112011,Medium,OFF-AR-10003156,50 Colored Long Pencils,13.208,5,West,34644,51,Corporate,2012-08-20 00:00:00.000,Standard Class,4.66,California,Art,2012,North America,33
Office Supplies,Oakland,United States,RE-194504,Richard Eichhorn,0.0,US,1,2012-08-15 00:00:00.000,CA-2012-142454,Medium,OFF-ST-10003638,Mobile Personal File Cube,18.9702,3,West,36500,70,Consumer,2012-08-19 00:00:00.000,Standard Class,5.63,California,Storage,2012,North America,33
Office Supplies,Murrieta,United States,RA-199454,Ryan Akin,0.0,US,1,2012-08-27 00:00:00.000,CA-2012-126445,High,OFF-ST-10000046,Fellowes Super Stor/Drawer Files,92.0835,3,West,32301,485,Consumer,2012-08-31 00:00:00.000,Standard Class,38.31,California,Storage,2012,North America,35
Office Supplies,Pasadena,United States,HA-149204,Helen Andreada,0.0,US,1,2012-09-07 00:00:00.000,CA-2012-110744,Medium,OFF-ST-10003656,Safco Industrial Wire Shelving,20.1579,7,West,31442,672,Consumer,2012-09-12 00:00:00.000,Standard Class,46.81,California,Storage,2012,North America,36
Office Supplies,Moreno Valley,United States,NM-185204,Neoma Murray,0.0,US,1,2012-09-08 00:00:00.000,CA-2012-162166,Medium,OFF-ST-10002486,Eldon Shelf Savers Cubes and Bins,0.8376,6,West,36354,42,Consumer,2012-09-11 00:00:00.000,First Class,6.99,California,Storage,2012,North America,36
Office Supplies,Redlands,United States,SC-207254,Steven Cartwright,0.0,US,1,2012-09-11 00:00:00.000,CA-2012-165057,Medium,OFF-AR-10004648,Boston 19500 Mighty Mite Electric Pencil Sharpener,48.9645,9,West,34614,181,Consumer,2012-09-15 00:00:00.000,Standard Class,13.98,California,Art,2012,North America,37
Office Supplies,Redlands,United States,SC-207254,Steven Cartwright,0.0,US,1,2012-09-11 00:00:00.000,CA-2012-165057,Medium,OFF-LA-10003190,Avery 474,4.2336,3,West,34615,9,Consumer,2012-09-15 00:00:00.000,Standard Class,0.51,California,Labels,2012,North America,37
Office Supplies,Long Beach,United States,TG-216404,Trudy Glocke,0.0,US,1,2012-09-18 00:00:00.000,CA-2012-149713,High,OFF-SU-10001574,Acme Value Line Scissors,2.19,2,West,31874,7,Consumer,2012-09-22 00:00:00.000,Second Class,0.62,California,Supplies,2012,North America,38
Office Supplies,Santa Barbara,United States,KN-163904,Katherine Nockton,0.0,US,1,2012-10-10 00:00:00.000,CA-2012-132388,Critical,OFF-LA-10000414,Avery 503,14.904,3,West,41210,31,Corporate,2012-10-12 00:00:00.000,First Class,9.44,California,Labels,2012,North America,41
Office Supplies,Rancho Cucamonga,United States,MY-173804,Maribeth Yedwab,0.0,US,1,2012-10-26 00:00:00.000,CA-2012-139290,Medium,OFF-LA-10004008,Avery 507,2.6496,2,West,33386,6,Corporate,2012-10-30 00:00:00.000,Standard Class,0.53,California,Labels,2012,North America,43
Office Supplies,Redlands,United States,SG-200804,Sandra Glassco,0.0,US,1,2012-10-31 00:00:00.000,CA-2012-164882,Critical,OFF-AR-10004272,Newell 308,1.26,3,West,33406,5,Consumer,2012-10-31 00:00:00.000,Same Day,1.3,California,Art,2012,North America,44
Office Supplies,Redlands,United States,SG-200804,Sandra Glassco,0.0,US,1,2012-10-31 00:00:00.000,CA-2012-164882,Critical,OFF-FA-10000585,OIC Bulk Pack Metal Binder Clips,8.027,5,West,33407,17,Consumer,2012-10-31 00:00:00.000,Same Day,5.68,California,Fasteners,2012,North America,44
Office Supplies,Redlands,United States,SG-200804,Sandra Glassco,0.0,US,1,2012-10-31 00:00:00.000,CA-2012-164882,Critical,OFF-ST-10003638,Mobile Personal File Cube,12.6468,2,West,33411,47,Consumer,2012-10-31 00:00:00.000,Same Day,6.53,California,Storage,2012,North America,44
Office Supplies,Redlands,United States,SG-200804,Sandra Glassco,0.0,US,1,2012-10-31 00:00:00.000,CA-2012-164882,Critical,OFF-SU-10004231,Acme Tagit Stainless Steel Antibacterial Scissors,8.019,3,West,33409,30,Consumer,2012-10-31 00:00:00.000,Same Day,5.5,California,Supplies,2012,North America,44
Office Supplies,Salinas,United States,DK-128354,Damala Kotsonis,0.0,US,1,2012-10-31 00:00:00.000,US-2012-164448,High,OFF-EN-10002600,"Redi-Strip #10 Envelopes, 4 1/8 x 9 1/2",7.08,5,West,32724,15,Corporate,2012-11-04 00:00:00.000,Second Class,2.08,California,Envelopes,2012,North America,44
Office Supplies,Salinas,United States,DK-128354,Damala Kotsonis,0.0,US,1,2012-10-31 00:00:00.000,US-2012-164448,High,OFF-LA-10003510,"Avery 4027 File Folder Labels for Dot Matrix Printers, 5000 Labels per Box, White",196.6132,14,West,32726,427,Corporate,2012-11-04 00:00:00.000,Second Class,42.26,California,Labels,2012,North America,44
Office Supplies,Redlands,United States,MZ-175154,Mary Zewe,0.0,US,1,2012-10-31 00:00:00.000,CA-2012-131457,Low,OFF-EN-10001509,Poly String Tie Envelopes,6.7116,7,West,31491,14,Corporate,2012-11-06 00:00:00.000,Standard Class,1.45,California,Envelopes,2012,North America,44
Office Supplies,Roseville,United States,JO-155504,Jesus Ocampo,0.0,US,1,2012-11-09 00:00:00.000,CA-2012-126466,Medium,OFF-FA-10000490,"OIC Binder Clips, Mini, 1/4"" Capacity, Black",1.1656,2,West,38243,2,Home Office,2012-11-13 00:00:00.000,Standard Class,0.22,California,Fasteners,2012,North America,45
Office Supplies,Santa Ana,United States,EK-137954,Eileen Kiefer,0.0,US,1,2012-11-29 00:00:00.000,CA-2012-154340,High,OFF-AR-10003582,"Boston Electric Pencil Sharpener, Model 1818, Charcoal Black",15.764,2,West,35472,56,Home Office,2012-11-30 00:00:00.000,First Class,8.52,California,Art,2012,North America,48
Office Supplies,Lakewood,United States,TZ-215804,Tracy Zic,0.0,US,1,2012-12-04 00:00:00.000,CA-2012-119508,Medium,OFF-AR-10003723,Avery Hi-Liter Fluorescent Desk Style Markers,6.253,5,West,36621,17,Consumer,2012-12-09 00:00:00.000,Standard Class,0.15,California,Art,2012,North America,49
Office Supplies,Chico,United States,XP-218654,Xylona Preis,0.0,US,1,2012-12-12 00:00:00.000,CA-2012-155586,Medium,OFF-AR-10001547,Newell 311,0.5967,1,West,37078,2,Consumer,2012-12-16 00:00:00.000,Second Class,0.2,California,Art,2012,North America,50
Office Supplies,Chico,United States,XP-218654,Xylona Preis,0.0,US,1,2012-12-12 00:00:00.000,CA-2012-155586,Medium,OFF-EN-10003072,Peel & Seel Envelopes,7.4496,4,West,37079,16,Consumer,2012-12-16 00:00:00.000,Second Class,2.59,California,Envelopes,2012,North America,50
Office Supplies,San Jose,United States,HA-149054,Helen Abelman,0.0,US,1,2012-12-12 00:00:00.000,CA-2012-134075,Medium,OFF-ST-10001496,Standard Rollaway File with Lock,93.6988,2,West,37536,360,Consumer,2012-12-16 00:00:00.000,Standard Class,24.83,California,Storage,2012,North America,50
Office Supplies,Riverside,United States,RP-192704,Rachel Payne,0.0,US,1,2012-12-13 00:00:00.000,CA-2012-148250,High,OFF-AP-10003040,Fellowes 8 Outlet Superior Workstation Surge Protector w/o Phone/Fax/Modem Protection,34.9648,4,West,32236,134,Corporate,2012-12-17 00:00:00.000,Standard Class,15.59,California,Appliances,2012,North America,50
Office Supplies,Oakland,United States,DW-134804,Dianna Wilson,0.0,US,1,2013-01-07 00:00:00.000,CA-2013-101938,Medium,OFF-AR-10003696,Panasonic KP-350BK Electric Pencil Sharpener with Auto Stop,10.0282,1,West,33458,35,Home Office,2013-01-12 00:00:00.000,Standard Class,3.06,California,Art,2013,North America,2
Office Supplies,San Clemente,United States,AF-108704,Art Ferguson,0.0,US,1,2013-04-24 00:00:00.000,CA-2013-126270,Medium,OFF-EN-10004386,"Recycled Interoffice Envelopes with String and Button Closure, 10 x 13",35.985,3,West,40965,72,Consumer,2013-04-28 00:00:00.000,Standard Class,5.86,California,Envelopes,2013,North America,17
Office Supplies,Mission Viejo,United States,VM-218354,Vivian Mathis,0.0,US,1,2013-05-13 00:00:00.000,US-2013-123610,Medium,OFF-AP-10002222,Staples,2.3409,1,West,40793,9,Consumer,2013-05-17 00:00:00.000,Standard Class,0.74,California,Appliances,2013,North America,20
Office Supplies,Santa Ana,United States,SV-207854,Stewart Visinsky,0.0,US,1,2013-05-27 00:00:00.000,CA-2013-148852,Medium,OFF-FA-10003467,"Alliance Big Bands Rubber Bands, 12/Pack",0.0,3,West,37901,6,Consumer,2013-06-01 00:00:00.000,Standard Class,0.11,California,Fasteners,2013,North America,22
Office Supplies,Santa Clara,United States,CK-122054,Chloris Kastensmidt,0.0,US,1,2013-06-06 00:00:00.000,CA-2013-110982,High,OFF-AP-10004859,Acco 6 Outlet Guardian Premium Surge Suppressor,15.7248,4,West,36820,58,Consumer,2013-06-08 00:00:00.000,First Class,8.59,California,Appliances,2013,North America,23
Office Supplies,Pasadena,United States,RC-198254,Roy Collins,0.0,US,1,2013-06-21 00:00:00.000,CA-2013-141397,Critical,OFF-AP-10003971,Belkin 6 Outlet Metallic Surge Strip,5.6628,2,West,32605,22,Consumer,2013-06-22 00:00:00.000,First Class,6.18,California,Appliances,2013,North America,25
Office Supplies,Pasadena,United States,RC-198254,Roy Collins,0.0,US,1,2013-06-21 00:00:00.000,CA-2013-141397,Critical,OFF-ST-10001469,Fellowes Bankers Box Recycled Super Stor/Drawer,9.7164,3,West,32606,162,Consumer,2013-06-22 00:00:00.000,First Class,24.51,California,Storage,2013,North America,25
Office Supplies,Salinas,United States,DP-131054,Dave Poirier,0.0,US,1,2013-06-21 00:00:00.000,CA-2013-152534,Medium,OFF-AR-10002335,DIXON Oriole Pencils,1.3416,2,West,32147,5,Corporate,2013-06-26 00:00:00.000,Second Class,0.45,California,Art,2013,North America,25
Office Supplies,Roseville,United States,DK-128354,Damala Kotsonis,0.0,US,1,2013-07-22 00:00:00.000,CA-2013-160941,High,OFF-EN-10003001,Ames Color-File Green Diamond Border X-ray Mailers,197.353,5,West,37856,420,Corporate,2013-07-27 00:00:00.000,Standard Class,53.92,California,Envelopes,2013,North America,30
Office Supplies,Roseville,United States,DK-128354,Damala Kotsonis,0.0,US,1,2013-07-22 00:00:00.000,CA-2013-160941,High,OFF-LA-10003766,Self-Adhesive Removable Labels,1.512,1,West,37857,3,Corporate,2013-07-27 00:00:00.000,Standard Class,0.22,California,Labels,2013,North America,30
Office Supplies,Riverside,United States,TS-212054,Thomas Seio,0.0,US,1,2013-08-02 00:00:00.000,CA-2013-155978,Medium,OFF-AP-10002892,Belkin F5C206VTEL 6 Outlet Surge,13.788,2,West,39067,46,Corporate,2013-08-02 00:00:00.000,Same Day,3.91,California,Appliances,2013,North America,31
Office Supplies,Oakland,United States,CY-127454,Craig Yedwab,0.0,US,1,2013-08-16 00:00:00.000,CA-2013-166163,Medium,OFF-LA-10000452,Avery 488,1.512,1,West,32385,3,Corporate,2013-08-21 00:00:00.000,Second Class,0.34,California,Labels,2013,North America,33
Office Supplies,San Jose,United States,RF-197354,Roland Fjeld,0.0,US,1,2013-08-27 00:00:00.000,CA-2013-105585,High,OFF-FA-10002983,Advantus SlideClip Paper Clips,4.9104,3,West,32289,10,Consumer,2013-08-28 00:00:00.000,First Class,1.4,California,Fasteners,2013,North America,35
Office Supplies,Huntington Beach,United States,LB-167954,Laurel Beltran,0.0,US,1,2013-09-02 00:00:00.000,CA-2013-124583,High,OFF-EN-10002500,Globe Weis Peel & Seel First Class Envelopes,5.751,1,West,38778,13,Home Office,2013-09-04 00:00:00.000,Second Class,1.35,California,Envelopes,2013,North America,36
Office Supplies,Redondo Beach,United States,JH-159854,Joseph Holt,0.0,US,1,2013-09-06 00:00:00.000,CA-2013-151372,Critical,OFF-FA-10000304,Advantus Push Pins,1.7876,2,West,36243,4,Consumer,2013-09-07 00:00:00.000,First Class,2.0,California,Fasteners,2013,North America,36
Office Supplies,Visalia,United States,LP-170954,Liz Preis,0.0,US,1,2013-09-09 00:00:00.000,CA-2013-103709,Medium,OFF-AR-10003338,"Eberhard Faber 3 1/2"" Golf Pencils",3.72,2,West,38760,15,Consumer,2013-09-16 00:00:00.000,Standard Class,0.96,California,Art,2013,North America,37
Office Supplies,Visalia,United States,LP-170954,Liz Preis,0.0,US,1,2013-09-09 00:00:00.000,CA-2013-103709,Medium,OFF-ST-10001272,"Mini 13-1/2 Capacity Data Binder Rack, Pearl",65.435,2,West,38762,262,Consumer,2013-09-16 00:00:00.000,Standard Class,24.99,California,Storage,2013,North America,37
Office Supplies,San Jose,United States,EB-141104,Eugene Barchas,0.0,US,1,2013-09-12 00:00:00.000,CA-2013-116561,Medium,OFF-ST-10004186,"Stur-D-Stor Shelving, Vertical 5-Shelf: 72""H x 36""W x 18 1/2""D",6.6588,3,West,36536,333,Consumer,2013-09-18 00:00:00.000,Standard Class,27.2,California,Storage,2013,North America,37
Office Supplies,San Jose,United States,KD-164954,Keith Dawkins,0.0,US,1,2013-09-17 00:00:00.000,CA-2013-123337,Medium,OFF-AP-10002287,"Eureka Sanitaire  Multi-Pro Heavy-Duty Upright, Disposable Bags",4.5448,4,West,38568,17,Corporate,2013-09-23 00:00:00.000,Standard Class,1.49,California,Appliances,2013,North America,38
Office Supplies,Long Beach,United States,DL-128654,Dan Lawera,0.0,US,1,2013-09-26 00:00:00.000,US-2013-125402,Medium,OFF-AR-10002255,Newell 346,1.6704,2,West,41138,6,Consumer,2013-10-02 00:00:00.000,Standard Class,0.32,California,Art,2013,North America,39
Office Supplies,Long Beach,United States,DL-128654,Dan Lawera,0.0,US,1,2013-09-26 00:00:00.000,US-2013-125402,Medium,OFF-LA-10003923,Alphabetical Labels for Top Tab Filing,14.8,2,West,41134,30,Consumer,2013-10-02 00:00:00.000,Standard Class,1.64,California,Labels,2013,North America,39
Office Supplies,Long Beach,United States,DL-128654,Dan Lawera,0.0,US,1,2013-09-26 00:00:00.000,US-2013-125402,Medium,OFF-LA-10001771,Avery 513,2.2908,1,West,41135,5,Consumer,2013-10-02 00:00:00.000,Standard Class,0.32,California,Labels,2013,North America,39
Office Supplies,Redlands,United States,CM-124454,Chuck Magee,0.0,US,1,2013-09-27 00:00:00.000,CA-2013-145898,Medium,OFF-AR-10002445,SANFORD Major Accent Highlighters,13.452,5,West,36511,35,Consumer,2013-09-27 00:00:00.000,Same Day,2.96,California,Art,2013,North America,39
Office Supplies,Redlands,United States,CM-124454,Chuck Magee,0.0,US,1,2013-09-27 00:00:00.000,CA-2013-145898,Medium,OFF-LA-10000262,Avery 494,3.6018,3,West,36510,8,Consumer,2013-09-27 00:00:00.000,Same Day,1.25,California,Labels,2013,North America,39
Office Supplies,Redlands,United States,CM-124454,Chuck Magee,0.0,US,1,2013-09-27 00:00:00.000,CA-2013-145898,Medium,OFF-ST-10004507,Advantus Rolling Storage Box,13.8915,3,West,36509,51,Consumer,2013-09-27 00:00:00.000,Same Day,4.76,California,Storage,2013,North America,39
Office Supplies,Lake Forest,United States,DB-129104,Daniel Byrd,0.0,US,1,2013-10-04 00:00:00.000,CA-2013-101672,Medium,OFF-LA-10002271,Smead Alpha-Z Color-Coded Second Alphabetical Labels and Starter Set,2.9568,2,West,39168,6,Home Office,2013-10-08 00:00:00.000,Standard Class,0.39,California,Labels,2013,North America,40
Office Supplies,Roseville,United States,LC-168854,Lena Creighton,0.0,US,1,2013-10-14 00:00:00.000,CA-2013-145583,Medium,OFF-AR-10001149,"Sanford Colorific Colored Pencils, 12/Box",3.456,4,West,31432,12,Consumer,2013-10-20 00:00:00.000,Standard Class,1.14,California,Art,2013,North America,42
Office Supplies,Roseville,United States,LC-168854,Lena Creighton,0.0,US,1,2013-10-14 00:00:00.000,CA-2013-145583,Medium,OFF-FA-10002988,Ideal Clamps,1.9698,2,West,31433,4,Consumer,2013-10-20 00:00:00.000,Standard Class,0.23,California,Fasteners,2013,North America,42
Office Supplies,Roseville,United States,LC-168854,Lena Creighton,0.0,US,1,2013-10-14 00:00:00.000,CA-2013-145583,Medium,OFF-SU-10001218,Fiskars Softgrip Scissors,18.4464,6,West,31435,66,Consumer,2013-10-20 00:00:00.000,Standard Class,3.06,California,Supplies,2013,North America,42
Office Supplies,San Luis Obispo,United States,SP-209204,Susan Pistek,0.0,US,1,2013-10-31 00:00:00.000,CA-2013-105291,Medium,OFF-FA-10003059,Assorted Color Push Pins,1.1946,2,West,40998,4,Consumer,2013-11-05 00:00:00.000,Standard Class,0.15,California,Fasteners,2013,North America,44
Office Supplies,Chula Vista,United States,TT-212204,Thomas Thornton,0.0,US,1,2013-11-05 00:00:00.000,CA-2013-146766,Critical,OFF-AR-10002135,Boston Heavy-Duty Trimline Electric Pencil Sharpeners,55.912,4,West,37431,193,Consumer,2013-11-05 00:00:00.000,Same Day,66.57,California,Art,2013,North America,45
Office Supplies,San Jose,United States,LH-171554,Logan Haushalter,0.0,US,1,2013-11-06 00:00:00.000,CA-2013-144092,High,OFF-EN-10001434,"Strathmore #10 Envelopes, Ultimate White",77.4837,3,West,38605,158,Consumer,2013-11-08 00:00:00.000,Second Class,11.47,California,Envelopes,2013,North America,45
Office Supplies,Oxnard,United States,LB-167954,Laurel Beltran,0.0,US,1,2013-12-02 00:00:00.000,US-2013-155768,High,OFF-EN-10001219,"#10- 4 1/8"" x 9 1/2"" Security-Tint Envelopes",11.2308,3,West,40470,23,Home Office,2013-12-02 00:00:00.000,Same Day,0.01,California,Envelopes,2013,North America,49
Office Supplies,Oxnard,United States,LB-167954,Laurel Beltran,0.0,US,1,2013-12-02 00:00:00.000,US-2013-155768,High,OFF-ST-10002292,"Sauder Facets Collection Locker/File Cabinet, Sky Alder Finish",222.588,3,West,40469,1113,Home Office,2013-12-02 00:00:00.000,Same Day,63.07,California,Storage,2013,North America,49
Office Supplies,San Jose,United States,KD-164954,Keith Dawkins,0.0,US,1,2013-12-03 00:00:00.000,US-2013-113985,High,OFF-AP-10001303,"Holmes Cool Mist Humidifier for the Whole House with 8-Gallon Output per Day, Extended Life Filter",26.865,3,West,37205,60,Corporate,2013-12-08 00:00:00.000,Standard Class,9.59,California,Appliances,2013,North America,49
Office Supplies,Morgan Hill,United States,RD-197204,Roger Demir,0.0,US,1,2013-12-04 00:00:00.000,CA-2013-149762,High,OFF-AR-10001662,Rogers Handheld Barrel Pencil Sharpener,5.9184,8,West,39206,22,Consumer,2013-12-08 00:00:00.000,Standard Class,2.18,California,Art,2013,North America,49
Office Supplies,Morgan Hill,United States,RD-197204,Roger Demir,0.0,US,1,2013-12-04 00:00:00.000,CA-2013-149762,High,OFF-ST-10001558,Acco Perma 4000 Stacking Storage Drawers,7.308,3,West,39207,49,Consumer,2013-12-08 00:00:00.000,Standard Class,5.77,California,Storage,2013,North America,49
Office Supplies,Anaheim,United States,WB-218504,William Brown,0.0,US,1,2013-12-12 00:00:00.000,CA-2013-165330,Critical,OFF-AP-10001469,Fellowes 8 Outlet Superior Workstation Surge Protector,24.1918,2,West,38356,83,Consumer,2013-12-12 00:00:00.000,Same Day,17.72,California,Appliances,2013,North America,50
Office Supplies,Anaheim,United States,WB-218504,William Brown,0.0,US,1,2013-12-12 00:00:00.000,CA-2013-165330,Critical,OFF-AR-10000914,Boston 16765 Mini Stand Up Battery Pencil Sharpener,6.0632,2,West,38348,23,Consumer,2013-12-12 00:00:00.000,Same Day,6.79,California,Art,2013,North America,50
Office Supplies,Anaheim,United States,WB-218504,William Brown,0.0,US,1,2013-12-12 00:00:00.000,CA-2013-165330,Critical,OFF-ST-10000636,Rogers Profile Extra Capacity Storage Tub,2.0088,3,West,38355,50,Consumer,2013-12-12 00:00:00.000,Same Day,11.03,California,Storage,2013,North America,50
Office Supplies,Pasadena,United States,RF-198404,Roy Französisch,0.0,US,1,2013-12-13 00:00:00.000,CA-2013-136686,High,OFF-AP-10002350,Belkin F9H710-06 7 Outlet SurgeMaster Surge Protector,15.8256,3,West,36874,57,Consumer,2013-12-17 00:00:00.000,Standard Class,6.77,California,Appliances,2013,North America,50
Office Supplies,Riverside,United States,JC-153404,Jasper Cacioppo,0.0,US,1,2013-12-14 00:00:00.000,CA-2013-102792,Low,OFF-AR-10004757,Crayola Colored Pencils,3.2472,3,West,34983,10,Consumer,2013-12-20 00:00:00.000,Standard Class,0.97,California,Art,2013,North America,50
Office Supplies,San Jose,United States,SC-203054,Sean Christensen,0.0,US,1,2013-12-25 00:00:00.000,CA-2013-101651,Medium,OFF-EN-10001990,Staples,18.6872,7,West,38536,40,Consumer,2013-12-31 00:00:00.000,Standard Class,3.95,California,Envelopes,2013,North America,52
Office Supplies,Santa Ana,United States,EM-141404,Eugene Moren,0.0,US,1,2013-12-28 00:00:00.000,US-2013-131058,High,OFF-LA-10001613,Avery File Folder Labels,9.8784,7,West,39445,20,Home Office,2014-01-01 00:00:00.000,Standard Class,3.56,California,Labels,2013,North America,52
Office Supplies,Sacramento,United States,FO-143054,Frank Olsen,0.0,US,1,2013-12-30 00:00:00.000,CA-2013-112578,High,OFF-ST-10003722,Project Tote Personal File,4.0687,1,West,40059,14,Consumer,2014-01-03 00:00:00.000,Standard Class,1.09,California,Storage,2013,North America,53
Office Supplies,Sacramento,United States,FO-143054,Frank Olsen,0.0,US,1,2013-12-30 00:00:00.000,CA-2013-112578,High,OFF-SU-10002557,Fiskars Spring-Action Scissors,7.2696,2,West,40060,28,Consumer,2014-01-03 00:00:00.000,Standard Class,3.58,California,Supplies,2013,North America,53
Office Supplies,Long Beach,United States,JF-151904,Jamie Frazer,0.0,US,1,2014-01-08 00:00:00.000,US-2014-123862,High,OFF-FA-10003112,Staples,3.5505,1,West,38671,8,Consumer,2014-01-10 00:00:00.000,Second Class,1.29,California,Fasteners,2014,North America,2
Office Supplies,Long Beach,United States,JF-151904,Jamie Frazer,0.0,US,1,2014-01-08 00:00:00.000,US-2014-123862,High,OFF-ST-10000760,Eldon Fold 'N Roll Cart System,44.5962,11,West,38668,154,Consumer,2014-01-10 00:00:00.000,Second Class,26.21,California,Storage,2014,North America,2
Office Supplies,Long Beach,United States,JF-151904,Jamie Frazer,0.0,US,1,2014-01-08 00:00:00.000,US-2014-123862,High,OFF-ST-10002301,Tennsco Commercial Shelving,0.6102,3,West,38669,61,Consumer,2014-01-10 00:00:00.000,Second Class,9.95,California,Storage,2014,North America,2
Office Supplies,Long Beach,United States,JF-151904,Jamie Frazer,0.0,US,1,2014-01-08 00:00:00.000,US-2014-123862,High,OFF-SU-10004884,Acme Galleria Hot Forged Steel Scissors with Colored Handles,31.9319,7,West,38670,110,Consumer,2014-01-10 00:00:00.000,Second Class,8.84,California,Supplies,2014,North America,2
Office Supplies,San Jose,United States,KD-164954,Keith Dawkins,0.0,US,1,2014-01-25 00:00:00.000,CA-2014-104619,Medium,OFF-AP-10001492,"Acco Six-Outlet Power Strip, 4' Cord Length",6.7236,3,West,40892,26,Corporate,2014-01-30 00:00:00.000,Standard Class,1.61,California,Appliances,2014,North America,4
Office Supplies,Torrance,United States,FC-143354,Fred Chung,0.0,US,1,2014-02-06 00:00:00.000,CA-2014-107517,Medium,OFF-AP-10000275,"Sanyo Counter Height Refrigerator with Crisper, 3.6 Cubic Foot, Stainless Steel/Black",459.396,5,West,38135,1641,Corporate,2014-02-10 00:00:00.000,Standard Class,77.66,California,Appliances,2014,North America,6
Office Supplies,Santa Barbara,United States,BM-111404,Becky Martin,0.0,US,1,2014-02-27 00:00:00.000,CA-2014-121706,Medium,OFF-AP-10003287,Tripp Lite TLP810NET Broadband Surge for Modem/Fax,99.9012,7,West,38217,357,Consumer,2014-03-03 00:00:00.000,Standard Class,28.86,California,Appliances,2014,North America,9
Office Supplies,Anaheim,United States,AH-102104,Alan Hwang,0.0,US,1,2014-03-09 00:00:00.000,CA-2014-104080,Medium,OFF-AR-10001972,Newell 323,0.8736,2,West,36181,3,Consumer,2014-03-16 00:00:00.000,Standard Class,0.27,California,Art,2014,North America,11
Office Supplies,Fresno,United States,CV-122954,Christina VanderZanden,0.0,US,1,2014-03-26 00:00:00.000,US-2014-117534,Critical,OFF-AP-10002403,Acco Smartsocket Color-Coded Six-Outlet AC Adapter Model Surge Protectors,45.7704,4,West,33679,176,Consumer,2014-03-27 00:00:00.000,First Class,51.23,California,Appliances,2014,North America,13
Office Supplies,Fresno,United States,CV-122954,Christina VanderZanden,0.0,US,1,2014-03-26 00:00:00.000,US-2014-117534,Critical,OFF-AR-10003087,Staples,4.4856,9,West,33680,16,Consumer,2014-03-27 00:00:00.000,First Class,5.85,California,Art,2014,North America,13
Office Supplies,Fairfield,United States,DH-130754,Dave Hallsten,0.0,US,1,2014-03-29 00:00:00.000,US-2014-147886,High,OFF-ST-10002743,SAFCO Boltless Steel Shelving,7.9548,7,West,37041,795,Corporate,2014-04-01 00:00:00.000,First Class,139.58,California,Storage,2014,North America,13
Office Supplies,Pasadena,United States,LW-172154,Luke Weiss,0.0,US,1,2014-04-12 00:00:00.000,CA-2014-166128,Low,OFF-AR-10001221,"Dixon Ticonderoga Erasable Colored Pencil Set, 12-Color",14.2324,7,West,33298,42,Consumer,2014-04-19 00:00:00.000,Standard Class,6.33,California,Art,2014,North America,15
Office Supplies,San Jose,United States,JE-157454,Joel Eaton,0.0,US,1,2014-04-17 00:00:00.000,CA-2014-108070,High,OFF-ST-10004804,"Belkin 19"" Vented Equipment Shelf, Black",2.0592,4,West,33842,206,Consumer,2014-04-21 00:00:00.000,Standard Class,22.03,California,Storage,2014,North America,16
Office Supplies,Santa Barbara,United States,MG-178904,Michael Granlund,0.0,US,1,2014-04-25 00:00:00.000,CA-2014-166933,High,OFF-FA-10002676,Colored Push Pins,0.6516,1,West,36823,2,Home Office,2014-04-29 00:00:00.000,Standard Class,0.23,California,Fasteners,2014,North America,17
Office Supplies,Westminster,United States,CC-122204,Chris Cortes,0.0,US,1,2014-05-05 00:00:00.000,CA-2014-119914,Medium,OFF-AP-10002684,"Acco 7-Outlet Masterpiece Power Center, Wihtout Fax/Phone Line Protection",72.948,2,West,41290,243,Consumer,2014-05-10 00:00:00.000,Second Class,25.33,California,Appliances,2014,North America,19
Office Supplies,Rancho Cucamonga,United States,TS-216554,Trudy Schmidt,0.0,US,1,2014-05-07 00:00:00.000,CA-2014-133487,Critical,OFF-AP-10001271,Eureka The Boss Cordless Rechargeable Stick Vac,41.2938,3,West,38972,153,Consumer,2014-05-10 00:00:00.000,Second Class,27.79,California,Appliances,2014,North America,19
Office Supplies,Thousand Oaks,United States,GZ-145454,George Zrebassa,0.0,US,1,2014-06-11 00:00:00.000,CA-2014-137001,Medium,OFF-AR-10001231,"Sanford EarthWrite Recycled Pencils, Medium Soft, #2",4.116,7,West,38558,15,Corporate,2014-06-14 00:00:00.000,Second Class,0.39,California,Art,2014,North America,24
Office Supplies,Huntington Beach,United States,CJ-120104,Caroline Jumper,0.0,US,1,2014-06-25 00:00:00.000,CA-2014-122105,Medium,OFF-AR-10004344,Bulldog Vacuum Base Pencil Sharpener,25.8984,8,West,31713,96,Consumer,2014-06-29 00:00:00.000,Standard Class,7.48,California,Art,2014,North America,26
Office Supplies,Pomona,United States,NH-186104,Nicole Hansen,0.0,US,1,2014-06-25 00:00:00.000,CA-2014-100384,Medium,OFF-AR-10003514,4009 Highlighters by Sanford,11.8206,9,West,32808,36,Corporate,2014-07-02 00:00:00.000,Standard Class,2.09,California,Art,2014,North America,26
Office Supplies,Pomona,United States,NH-186104,Nicole Hansen,0.0,US,1,2014-06-25 00:00:00.000,CA-2014-100384,Medium,OFF-AR-10002135,Boston Heavy-Duty Trimline Electric Pencil Sharpeners,111.824,8,West,32807,386,Corporate,2014-07-02 00:00:00.000,Standard Class,31.5,California,Art,2014,North America,26
Office Supplies,Anaheim,United States,DK-132254,Dean Katz,0.0,US,1,2014-06-30 00:00:00.000,CA-2014-100650,Medium,OFF-ST-10001780,Tennsco 16-Compartment Lockers with Coat Rack,310.9872,2,West,31851,1296,Corporate,2014-07-04 00:00:00.000,Second Class,77.96,California,Storage,2014,North America,27
Office Supplies,San Mateo,United States,VG-217904,Vivek Gonzalez,0.0,US,1,2014-07-09 00:00:00.000,CA-2014-150189,Critical,OFF-LA-10002762,Avery 485,35.3346,6,West,34512,75,Consumer,2014-07-11 00:00:00.000,First Class,20.54,California,Labels,2014,North America,28
Office Supplies,Westminster,United States,TC-212954,Toby Carlisle,0.0,US,1,2014-07-15 00:00:00.000,CA-2014-121048,High,OFF-AR-10004042,"BOSTON Model 1800 Electric Pencil Sharpeners, Putty/Woodgrain",20.8568,4,West,38795,72,Consumer,2014-07-19 00:00:00.000,Standard Class,9.08,California,Art,2014,North America,29
Office Supplies,Westminster,United States,TC-212954,Toby Carlisle,0.0,US,1,2014-07-15 00:00:00.000,CA-2014-121048,High,OFF-FA-10000490,"OIC Binder Clips, Mini, 1/4"" Capacity, Black",2.3312,4,West,38794,5,Consumer,2014-07-19 00:00:00.000,Standard Class,0.54,California,Fasteners,2014,North America,29
Office Supplies,Apple Valley,United States,AJ-107954,Anthony Johnson,0.0,US,1,2014-07-18 00:00:00.000,CA-2014-142342,High,OFF-EN-10002592,"Peel & Seel Recycled Catalog Envelopes, Brown",28.95,5,West,36946,58,Corporate,2014-07-20 00:00:00.000,Second Class,4.74,California,Envelopes,2014,North America,29
Office Supplies,Apple Valley,United States,AJ-107954,Anthony Johnson,0.0,US,1,2014-07-18 00:00:00.000,CA-2014-142342,High,OFF-ST-10002957,Sterilite Show Offs Storage Containers,0.0,2,West,36947,11,Corporate,2014-07-20 00:00:00.000,Second Class,1.18,California,Storage,2014,North America,29
Office Supplies,Concord,United States,AR-108254,Anthony Rawles,0.0,US,1,2014-07-22 00:00:00.000,CA-2014-118724,High,OFF-AR-10003469,Nontoxic Chalk,1.6896,2,West,38380,4,Corporate,2014-07-26 00:00:00.000,Second Class,0.18,California,Art,2014,North America,30
Office Supplies,Mission Viejo,United States,JL-158354,John Lee,0.0,US,1,2014-07-31 00:00:00.000,CA-2014-167913,High,OFF-LA-10002787,Avery 480,12.6,7,West,31939,26,Consumer,2014-08-04 00:00:00.000,Second Class,1.37,California,Labels,2014,North America,31
Office Supplies,Mission Viejo,United States,JL-158354,John Lee,0.0,US,1,2014-07-31 00:00:00.000,CA-2014-167913,High,OFF-ST-10000585,Economy Rollaway Files,85.904,2,West,31938,330,Consumer,2014-08-04 00:00:00.000,Second Class,44.93,California,Storage,2014,North America,31
Office Supplies,Westminster,United States,JL-155054,Jeremy Lonsdale,0.0,US,1,2014-08-08 00:00:00.000,CA-2014-156776,High,OFF-AP-10002534,3.6 Cubic Foot Counter Height Office Refrigerator,412.468,5,West,40483,1473,Consumer,2014-08-12 00:00:00.000,Standard Class,161.21,California,Appliances,2014,North America,32
Office Supplies,Lake Forest,United States,JM-161954,Justin MacKendrick,0.0,US,1,2014-08-13 00:00:00.000,CA-2014-158169,Medium,OFF-AP-10000828,Avanti 4.4 Cu. Ft. Refrigerator,152.0232,3,West,37058,543,Consumer,2014-08-16 00:00:00.000,First Class,36.81,California,Appliances,2014,North America,33
Office Supplies,Brentwood,United States,RW-195404,Rick Wilson,0.0,US,1,2014-08-18 00:00:00.000,CA-2014-166093,Medium,OFF-AP-10001058,Sanyo 2.5 Cubic Foot Mid-Size Office Refrigerators,654.7554,9,West,39234,2518,Corporate,2014-08-25 00:00:00.000,Standard Class,173.07,California,Appliances,2014,North America,34
Office Supplies,Brentwood,United States,RW-195404,Rick Wilson,0.0,US,1,2014-08-18 00:00:00.000,CA-2014-166093,Medium,OFF-EN-10003134,Staples,11.68,2,West,39230,23,Corporate,2014-08-25 00:00:00.000,Standard Class,2.13,California,Envelopes,2014,North America,34
Office Supplies,Brentwood,United States,RW-195404,Rick Wilson,0.0,US,1,2014-08-18 00:00:00.000,CA-2014-166093,Medium,OFF-ST-10001496,Standard Rollaway File with Lock,140.5482,3,West,39235,541,Corporate,2014-08-25 00:00:00.000,Standard Class,33.69,California,Storage,2014,North America,34
Office Supplies,Oakland,United States,PR-188804,Patrick Ryan,0.0,US,1,2014-08-22 00:00:00.000,US-2014-109253,Medium,OFF-AP-10002867,Fellowes Command Center 5-outlet power strip,54.9504,3,West,34636,204,Consumer,2014-08-23 00:00:00.000,First Class,17.13,California,Appliances,2014,North America,34
Office Supplies,Oakland,United States,PR-188804,Patrick Ryan,0.0,US,1,2014-08-22 00:00:00.000,US-2014-109253,Medium,OFF-AR-10000203,Newell 336,4.9648,4,West,34631,17,Consumer,2014-08-23 00:00:00.000,First Class,2.36,California,Art,2014,North America,34
Office Supplies,Oakland,United States,PR-188804,Patrick Ryan,0.0,US,1,2014-08-22 00:00:00.000,US-2014-109253,Medium,OFF-LA-10001158,"Avery Address/Shipping Labels for Typewriters, 4"" x 2""",24.84,5,West,34637,52,Consumer,2014-08-23 00:00:00.000,First Class,9.15,California,Labels,2014,North America,34
Office Supplies,Inglewood,United States,DR-128804,Dan Reichenbach,0.0,US,1,2014-08-28 00:00:00.000,CA-2014-161956,Medium,OFF-AP-10001242,APC 7 Outlet Network SurgeArrest Surge Protector,96.576,4,West,35045,322,Corporate,2014-08-30 00:00:00.000,Second Class,7.51,California,Appliances,2014,North America,35
Office Supplies,Inglewood,United States,DR-128804,Dan Reichenbach,0.0,US,1,2014-08-28 00:00:00.000,CA-2014-161956,Medium,OFF-ST-10001370,Sensible Storage WireTech Storage Systems,17.745,5,West,35051,355,Corporate,2014-08-30 00:00:00.000,Second Class,29.01,California,Storage,2014,North America,35
Office Supplies,Inglewood,United States,DR-128804,Dan Reichenbach,0.0,US,1,2014-08-28 00:00:00.000,CA-2014-161956,Medium,OFF-SU-10002503,Acme Preferred Stainless Steel Scissors,8.236,5,West,35047,28,Corporate,2014-08-30 00:00:00.000,Second Class,2.2,California,Supplies,2014,North America,35
Office Supplies,Bakersfield,United States,AW-108404,Anthony Witt,0.0,US,1,2014-09-03 00:00:00.000,CA-2014-123001,Low,OFF-AR-10001919,"OIC #2 Pencils, Medium Soft",2.726,5,West,35230,9,Consumer,2014-09-09 00:00:00.000,Standard Class,1.0,California,Art,2014,North America,36
Office Supplies,Bakersfield,United States,AW-108404,Anthony Witt,0.0,US,1,2014-09-03 00:00:00.000,CA-2014-123001,Low,OFF-LA-10004544,Avery 505,37.0,5,West,35231,74,Consumer,2014-09-09 00:00:00.000,Standard Class,6.93,California,Labels,2014,North America,36
Office Supplies,Santa Ana,United States,EJ-141554,Eva Jacobs,0.0,US,1,2014-09-05 00:00:00.000,CA-2014-147410,Medium,OFF-ST-10003805,"24 Capacity Maxi Data Binder Racks, Pearl",105.275,2,West,38400,421,Consumer,2014-09-09 00:00:00.000,Standard Class,11.15,California,Storage,2014,North America,36
Office Supplies,Long Beach,United States,KF-162854,Karen Ferguson,0.0,US,1,2014-09-12 00:00:00.000,CA-2014-149559,Critical,OFF-EN-10002312,#10 Self-Seal White Envelopes,10.8682,2,West,34339,22,Home Office,2014-09-13 00:00:00.000,Same Day,6.24,California,Envelopes,2014,North America,37
Office Supplies,Inglewood,United States,BB-109904,Barry Blumstein,0.0,US,1,2014-09-17 00:00:00.000,CA-2014-118136,High,OFF-AR-10001427,Newell 330,1.5548,1,West,31572,6,Corporate,2014-09-18 00:00:00.000,First Class,1.31,California,Art,2014,North America,38
Office Supplies,Santa Ana,United States,BK-112604,Berenike Kampe,0.0,US,1,2014-09-23 00:00:00.000,CA-2014-117009,Medium,OFF-SU-10001218,Fiskars Softgrip Scissors,6.1488,2,West,40351,22,Consumer,2014-09-29 00:00:00.000,Standard Class,1.76,California,Supplies,2014,North America,39
Office Supplies,Bakersfield,United States,PG-188204,Patrick Gardner,0.0,US,1,2014-09-30 00:00:00.000,CA-2014-140186,Medium,OFF-AP-10002578,"Fellowes Premier Superior Surge Suppressor, 10-Outlet, With Phone and Remote",25.4384,2,West,37089,98,Consumer,2014-10-03 00:00:00.000,First Class,11.5,California,Appliances,2014,North America,40
Office Supplies,Bakersfield,United States,PG-188204,Patrick Gardner,0.0,US,1,2014-09-30 00:00:00.000,CA-2014-140186,Medium,OFF-FA-10002280,Advantus Plastic Paper Clips,16.8,7,West,37087,35,Consumer,2014-10-03 00:00:00.000,First Class,0.04,California,Fasteners,2014,North America,40
Office Supplies,Lodi,United States,JK-157304,Joe Kamberova,0.0,US,1,2014-09-30 00:00:00.000,CA-2014-137918,Medium,OFF-SU-10000898,"Acme Hot Forged Carbon Steel Scissors with Nickel-Plated Handles, 3 7/8"" Cut, 8""L",28.217,7,West,41098,97,Consumer,2014-10-07 00:00:00.000,Standard Class,7.75,California,Supplies,2014,North America,40
Office Supplies,San Jose,United States,NS-185054,Neola Schneider,0.0,US,1,2014-10-02 00:00:00.000,CA-2014-129378,High,OFF-AP-10000576,"Belkin 325VA UPS Surge Protector, 6'",60.49,2,West,33512,242,Consumer,2014-10-03 00:00:00.000,First Class,41.79,California,Appliances,2014,North America,40
Office Supplies,Chico,United States,GG-146504,Greg Guthrie,0.0,US,1,2014-10-06 00:00:00.000,CA-2014-131807,Medium,OFF-AP-10004052,"Hoover Replacement Belts For Soft Guard & Commercial Ltweight Upright Vacs, 2/Pk",4.108,4,West,39254,16,Corporate,2014-10-11 00:00:00.000,Standard Class,0.71,California,Appliances,2014,North America,41
Office Supplies,Chico,United States,GG-146504,Greg Guthrie,0.0,US,1,2014-10-06 00:00:00.000,CA-2014-131807,Medium,OFF-FA-10002780,Staples,6.854,5,West,39253,15,Corporate,2014-10-11 00:00:00.000,Standard Class,1.77,California,Fasteners,2014,North America,41
Office Supplies,Camarillo,United States,MC-172754,Marc Crier,0.0,US,1,2014-10-16 00:00:00.000,CA-2014-154949,Medium,OFF-LA-10002034,Avery 478,7.2177,3,West,38510,15,Consumer,2014-10-20 00:00:00.000,Standard Class,1.07,California,Labels,2014,North America,42
Office Supplies,Thousand Oaks,United States,DL-134954,Dionis Lloyd,0.0,US,1,2014-10-16 00:00:00.000,CA-2014-142643,Medium,OFF-LA-10003510,"Avery 4027 File Folder Labels for Dot Matrix Printers, 5000 Labels per Box, White",70.219,5,West,38132,153,Corporate,2014-10-21 00:00:00.000,Standard Class,7.71,California,Labels,2014,North America,42
Office Supplies,Woodland,United States,JE-161654,Justin Ellison,0.0,US,1,2014-10-21 00:00:00.000,US-2014-146416,Medium,OFF-LA-10003714,Avery 510,1.8,1,West,34485,4,Corporate,2014-10-23 00:00:00.000,Second Class,0.4,California,Labels,2014,North America,43
Office Supplies,Danville,United States,NL-183104,Nancy Lomonaco,0.0,US,1,2014-11-03 00:00:00.000,US-2014-163790,Critical,OFF-AR-10003469,Nontoxic Chalk,4.224,5,West,35882,9,Home Office,2014-11-05 00:00:00.000,Second Class,3.22,California,Art,2014,North America,45
Office Supplies,Danville,United States,NL-183104,Nancy Lomonaco,0.0,US,1,2014-11-03 00:00:00.000,US-2014-163790,Critical,OFF-EN-10001335,"White Business Envelopes with Contemporary Seam, Recycled White Business Envelopes",38.29,7,West,35881,77,Home Office,2014-11-05 00:00:00.000,Second Class,12.32,California,Envelopes,2014,North America,45
Office Supplies,Danville,United States,NL-183104,Nancy Lomonaco,0.0,US,1,2014-11-03 00:00:00.000,US-2014-163790,Critical,OFF-FA-10004838,"Super Bands, 12/Pack",0.1674,3,West,35884,6,Home Office,2014-11-05 00:00:00.000,Second Class,1.46,California,Fasteners,2014,North America,45
Office Supplies,Danville,United States,NL-183104,Nancy Lomonaco,0.0,US,1,2014-11-03 00:00:00.000,US-2014-163790,Critical,OFF-ST-10001511,Space Solutions Commercial Steel Shelving,22.6275,7,West,35886,453,Home Office,2014-11-05 00:00:00.000,Second Class,86.11,California,Storage,2014,North America,45
Office Supplies,Coachella,United States,MC-175904,Matt Collister,0.0,US,1,2014-11-10 00:00:00.000,CA-2014-159597,High,OFF-ST-10002289,"Safco Wire Cube Shelving System, For Use as 4 or 5 14"" Cubes, Black",3.178,2,West,33716,64,Corporate,2014-11-15 00:00:00.000,Standard Class,6.45,California,Storage,2014,North America,46
Office Supplies,Riverside,United States,TB-211904,Thomas Brumley,0.0,US,1,2014-11-11 00:00:00.000,CA-2014-162096,Critical,OFF-AR-10002221,12 Colored Short Pencils,2.106,3,West,38258,8,Home Office,2014-11-11 00:00:00.000,Same Day,1.74,California,Art,2014,North America,46
Office Supplies,Fresno,United States,JK-153704,Jay Kimmel,0.0,US,1,2014-11-17 00:00:00.000,CA-2014-100601,Medium,OFF-ST-10002486,Eldon Shelf Savers Cubes and Bins,0.9772,7,West,35468,49,Consumer,2014-11-21 00:00:00.000,Standard Class,3.31,California,Storage,2014,North America,47
Office Supplies,Escondido,United States,EK-137954,Eileen Kiefer,0.0,US,1,2014-11-17 00:00:00.000,CA-2014-108091,Medium,OFF-AR-10000255,Newell 328,6.0736,4,West,36072,23,Home Office,2014-11-22 00:00:00.000,Standard Class,1.11,California,Art,2014,North America,47
Office Supplies,Pasadena,United States,BF-110054,Barry Franz,0.0,US,1,2014-11-22 00:00:00.000,CA-2014-103380,Medium,OFF-AP-10001492,"Acco Six-Outlet Power Strip, 4' Cord Length",2.2412,1,West,33542,9,Home Office,2014-11-26 00:00:00.000,Standard Class,0.73,California,Appliances,2014,North America,47
Office Supplies,Pasadena,United States,BF-110054,Barry Franz,0.0,US,1,2014-11-22 00:00:00.000,CA-2014-103380,Medium,OFF-AR-10003856,Newell 344,1.4456,2,West,33540,6,Home Office,2014-11-26 00:00:00.000,Standard Class,0.4,California,Art,2014,North America,47
Office Supplies,Pasadena,United States,BF-110054,Barry Franz,0.0,US,1,2014-11-22 00:00:00.000,CA-2014-103380,Medium,OFF-FA-10004248,Advantus T-Pin Paper Clips,3.5178,2,West,33541,9,Home Office,2014-11-26 00:00:00.000,Standard Class,0.26,California,Fasteners,2014,North America,47
Office Supplies,Pasadena,United States,BF-110054,Barry Franz,0.0,US,1,2014-11-22 00:00:00.000,CA-2014-103380,Medium,OFF-ST-10003442,Eldon Portable Mobile Manager,15.2712,2,West,33539,57,Home Office,2014-11-26 00:00:00.000,Standard Class,5.7,California,Storage,2014,North America,47
Office Supplies,Oakland,United States,BB-115454,Brenda Bowman,0.0,US,1,2014-12-03 00:00:00.000,CA-2014-102379,High,OFF-AR-10004022,Panasonic KP-380BK Classic Electric Pencil Sharpener,44.975,5,West,37568,180,Corporate,2014-12-07 00:00:00.000,Standard Class,21.53,California,Art,2014,North America,49
Office Supplies,Brentwood,United States,BN-114704,Brad Norvell,0.0,US,1,2014-12-07 00:00:00.000,US-2014-149006,High,OFF-ST-10003221,Staples,2.8836,1,West,38202,11,Corporate,2014-12-09 00:00:00.000,Second Class,2.12,California,Storage,2014,North America,50
Office Supplies,Inglewood,United States,LF-171854,Luke Foster,0.0,US,1,2014-12-09 00:00:00.000,CA-2014-148264,Critical,OFF-ST-10003327,Akro-Mils 12-Gallon Tote,8.6391,3,West,34727,30,Consumer,2014-12-10 00:00:00.000,First Class,7.63,California,Storage,2014,North America,50
Office Supplies,Inglewood,United States,KM-166604,Khloe Miller,0.0,US,1,2014-12-16 00:00:00.000,CA-2014-154116,High,OFF-AP-10000027,Hoover Commercial SteamVac,16.296,4,West,40996,54,Consumer,2014-12-20 00:00:00.000,Standard Class,6.72,California,Appliances,2014,North America,51
Office Supplies,Sunnyvale,United States,KM-162254,Kalyca Meade,0.0,US,1,2014-12-17 00:00:00.000,CA-2014-137463,Medium,OFF-AR-10001988,Bulldog Table or Wall-Mount Pencil Sharpener,8.6855,5,West,40344,30,Corporate,2014-12-21 00:00:00.000,Second Class,3.15,California,Art,2014,North America,51
Office Supplies,Sunnyvale,United States,KM-162254,Kalyca Meade,0.0,US,1,2014-12-17 00:00:00.000,CA-2014-137463,Medium,OFF-LA-10003498,Avery 475,22.2,3,West,40345,44,Corporate,2014-12-21 00:00:00.000,Second Class,3.69,California,Labels,2014,North America,51
Office Supplies,Anaheim,United States,CA-123104,Christine Abelman,0.0,US,1,2014-12-18 00:00:00.000,CA-2014-120936,High,OFF-ST-10001526,Iceberg Mobile Mega Data/Printer Cart,125.1432,4,West,36197,481,Corporate,2014-12-22 00:00:00.000,Standard Class,70.3,California,Storage,2014,North America,51
Office Supplies,Anaheim,United States,CA-123104,Christine Abelman,0.0,US,1,2014-12-18 00:00:00.000,CA-2014-120936,High,OFF-SU-10002557,Fiskars Spring-Action Scissors,3.6348,1,West,36198,14,Corporate,2014-12-22 00:00:00.000,Standard Class,1.54,California,Supplies,2014,North America,51
Office Supplies,Oakland,United States,YS-218804,Yana Sorensen,0.0,US,1,2014-12-22 00:00:00.000,CA-2014-138380,High,OFF-ST-10003306,Letter Size Cart,290.0058,7,West,32910,1000,Corporate,2014-12-26 00:00:00.000,Standard Class,172.55,California,Storage,2014,North America,52
Office Supplies,Costa Mesa,United States,SE-201104,Sanjit Engle,0.0,US,1,2014-12-22 00:00:00.000,CA-2014-144827,Medium,OFF-ST-10004340,"Fellowes Mobile File Cart, Black",33.5772,2,West,34015,124,Consumer,2014-12-28 00:00:00.000,Standard Class,6.61,California,Storage,2014,North America,52
Office Supplies,Moreno Valley,United States,SA-208304,Sue Ann Reed,0.0,US,1,2011-02-23 00:00:00.000,CA-2011-133354,High,OFF-PA-10001800,Xerox 220,9.3312,3,West,38907,19,Consumer,2011-02-25 00:00:00.000,First Class,5.01,California,Paper,2011,North America,9
Office Supplies,Huntington Beach,United States,DK-132254,Dean Katz,0.0,US,1,2011-03-14 00:00:00.000,CA-2011-157623,High,OFF-PA-10001204,Xerox 1972,4.752,2,West,33187,11,Corporate,2011-03-18 00:00:00.000,Standard Class,1.23,California,Paper,2011,North America,12
Office Supplies,San Jose,United States,GM-146804,Greg Matthias,0.0,US,1,2011-05-10 00:00:00.000,CA-2011-103310,Medium,OFF-PA-10004353,Southworth 25% Cotton Premium Laser Paper and Envelopes,19.1808,2,West,40493,40,Consumer,2011-05-15 00:00:00.000,Standard Class,2.45,California,Paper,2011,North America,20
Office Supplies,Riverside,United States,JD-158954,Jonathan Doherty,0.0,US,1,2011-07-20 00:00:00.000,CA-2011-127866,High,OFF-PA-10003971,Xerox 1965,5.8604,2,West,39427,12,Corporate,2011-07-23 00:00:00.000,First Class,2.18,California,Paper,2011,North America,30
Office Supplies,Fresno,United States,GM-145004,Gene McClure,0.0,US,1,2011-08-09 00:00:00.000,CA-2011-141901,High,OFF-PA-10001667,Great White Multi-Use Recycled Paper (20Lb. and 84 Bright),2.691,1,West,38366,6,Consumer,2011-08-14 00:00:00.000,Standard Class,1.05,California,Paper,2011,North America,33
Office Supplies,Santa Clara,United States,LR-170354,Lisa Ryan,0.0,US,1,2011-09-07 00:00:00.000,CA-2011-109918,Medium,OFF-PA-10000174,"Message Book, Wirebound, Four 5 1/2"" X 4"" Forms/Pg., 200 Dupl. Sets/Book",9.6632,2,West,39664,21,Corporate,2011-09-12 00:00:00.000,Second Class,0.79,California,Paper,2011,North America,37
Office Supplies,Brentwood,United States,LW-168254,Laurel Workman,0.0,US,1,2011-11-25 00:00:00.000,CA-2011-164721,High,OFF-PA-10000575,"Wirebound Message Books, Four 2 3/4 x 5 White Forms per Page",12.3096,4,West,33282,27,Corporate,2011-11-27 00:00:00.000,Second Class,2.96,California,Paper,2011,North America,48
Office Supplies,Fresno,United States,LS-172004,Luke Schmidt,0.0,US,1,2011-11-26 00:00:00.000,CA-2011-141110,Medium,OFF-PA-10002586,Xerox 1970,7.0218,3,West,39896,15,Corporate,2011-12-01 00:00:00.000,Standard Class,1.73,California,Paper,2011,North America,48
Office Supplies,Moreno Valley,United States,EM-138254,Elizabeth Moffitt,0.0,US,1,2012-01-26 00:00:00.000,CA-2012-109603,Medium,OFF-PA-10003790,Xerox 1991,84.0512,8,West,40205,183,Corporate,2012-02-01 00:00:00.000,Standard Class,11.2,California,Paper,2012,North America,4
Office Supplies,Roseville,United States,AI-108554,Arianne Irving,0.0,US,1,2012-03-14 00:00:00.000,CA-2012-167479,Medium,OFF-PA-10002105,Xerox 223,9.3312,3,West,40508,19,Consumer,2012-03-19 00:00:00.000,Standard Class,1.52,California,Paper,2012,North America,11
Office Supplies,San Bernardino,United States,BK-112604,Berenike Kampe,0.0,US,1,2012-03-19 00:00:00.000,CA-2012-113110,High,OFF-PA-10002749,"Wirebound Message Books, 5-1/2 x 4 Forms, 2 or 4 Forms per Page",19.6686,6,West,33316,40,Consumer,2012-03-23 00:00:00.000,Standard Class,5.85,California,Paper,2012,North America,12
Office Supplies,San Jose,United States,SP-206504,Stephanie Phelps,0.0,US,1,2012-05-31 00:00:00.000,CA-2012-124919,High,OFF-PA-10001950,Southworth 25% Cotton Antique Laid Paper & Envelopes,26.271,7,West,31450,58,Corporate,2012-06-02 00:00:00.000,First Class,7.79,California,Paper,2012,North America,22
Office Supplies,San Jose,United States,SP-206504,Stephanie Phelps,0.0,US,1,2012-05-31 00:00:00.000,CA-2012-124919,High,OFF-PA-10002254,Xerox 1883,48.5392,4,West,31451,106,Corporate,2012-06-02 00:00:00.000,First Class,17.87,California,Paper,2012,North America,22
Office Supplies,Moreno Valley,United States,NM-185204,Neoma Murray,0.0,US,1,2012-09-08 00:00:00.000,CA-2012-162166,Medium,OFF-PA-10002606,Xerox 1928,11.88,5,West,36353,26,Consumer,2012-09-11 00:00:00.000,First Class,3.14,California,Paper,2012,North America,36
Office Supplies,Anaheim,United States,KD-166154,Ken Dana,0.0,US,1,2012-09-13 00:00:00.000,US-2012-129007,Critical,OFF-PA-10000994,Xerox 1915,100.656,2,West,41207,210,Corporate,2012-09-15 00:00:00.000,First Class,59.71,California,Paper,2012,North America,37
Office Supplies,Long Beach,United States,TG-216404,Trudy Glocke,0.0,US,1,2012-09-18 00:00:00.000,CA-2012-149713,High,OFF-PA-10004530,Personal Creations Ink Jet Cards and Labels,78.7528,14,West,31872,161,Consumer,2012-09-22 00:00:00.000,Second Class,13.76,California,Paper,2012,North America,38
Office Supplies,Long Beach,United States,TG-216404,Trudy Glocke,0.0,US,1,2012-09-18 00:00:00.000,CA-2012-149713,High,OFF-PA-10001450,Rediform S.O.S. Phone Message Books,9.7608,4,West,31873,20,Consumer,2012-09-22 00:00:00.000,Second Class,2.98,California,Paper,2012,North America,38
Office Supplies,Redlands,United States,SG-200804,Sandra Glassco,0.0,US,1,2012-10-31 00:00:00.000,CA-2012-164882,Critical,OFF-PA-10000157,Xerox 191,9.3906,1,West,33404,20,Consumer,2012-10-31 00:00:00.000,Same Day,4.49,California,Paper,2012,North America,44
Office Supplies,San Bernardino,United States,KH-165104,Keith Herrera,0.0,US,1,2012-11-13 00:00:00.000,CA-2012-104948,Medium,OFF-PA-10004610,Xerox 1900,13.482,7,West,41229,30,Consumer,2012-11-17 00:00:00.000,Standard Class,2.37,California,Paper,2012,North America,46
Office Supplies,Santa Barbara,United States,DB-131204,David Bremer,0.0,US,1,2012-12-06 00:00:00.000,CA-2012-136700,Medium,OFF-PA-10004519,Spiral Phone Message Books with Labels by Adams,4.3904,2,West,39492,9,Corporate,2012-12-11 00:00:00.000,Second Class,0.72,California,Paper,2012,North America,49
Office Supplies,Thousand Oaks,United States,KM-163754,Katherine Murray,0.0,US,1,2012-12-06 00:00:00.000,CA-2012-148628,Medium,OFF-PA-10003883,"Message Book, Phone, Wirebound Standard Line Memo, 2 3/4"" X 5""",15.065,5,West,33675,33,Home Office,2012-12-11 00:00:00.000,Standard Class,1.55,California,Paper,2012,North America,49
Office Supplies,Riverside,United States,KH-166904,Kristen Hastings,0.0,US,1,2012-12-07 00:00:00.000,US-2012-120957,Medium,OFF-PA-10003953,Xerox 218,6.2208,2,West,40961,13,Corporate,2012-12-07 00:00:00.000,Same Day,0.2,California,Paper,2012,North America,49
Office Supplies,Chico,United States,XP-218654,Xylona Preis,0.0,US,1,2012-12-12 00:00:00.000,CA-2012-155586,Medium,OFF-PA-10000726,"Black Print Carbonless Snap-Off Rapid Letter, 8 1/2"" x 7""",16.398,4,West,37080,36,Consumer,2012-12-16 00:00:00.000,Second Class,4.67,California,Paper,2012,North America,50
Office Supplies,Riverside,United States,RP-192704,Rachel Payne,0.0,US,1,2012-12-13 00:00:00.000,CA-2012-148250,High,OFF-PA-10000289,Xerox 213,6.2208,2,West,32235,13,Corporate,2012-12-17 00:00:00.000,Standard Class,0.1,California,Paper,2012,North America,50
Office Supplies,Bakersfield,United States,FM-142154,Filia McAdams,0.0,US,1,2013-04-11 00:00:00.000,CA-2013-124814,Medium,OFF-PA-10002787,Xerox 227,6.2208,2,West,35796,13,Corporate,2013-04-17 00:00:00.000,Standard Class,0.97,California,Paper,2013,North America,15
Office Supplies,Santa Ana,United States,SV-207854,Stewart Visinsky,0.0,US,1,2013-05-27 00:00:00.000,CA-2013-148852,Medium,OFF-PA-10001293,Xerox 1946,21.7728,7,West,37902,45,Consumer,2013-06-01 00:00:00.000,Standard Class,1.44,California,Paper,2013,North America,22
Office Supplies,Bakersfield,United States,FM-142904,Frank Merwin,0.0,US,1,2013-06-08 00:00:00.000,CA-2013-103163,Medium,OFF-PA-10004000,"While You Were Out Pads, 50 per Pad, 4 x 5 1/4, Green Cycle",2.3177,1,West,34874,5,Home Office,2013-06-12 00:00:00.000,Standard Class,0.28,California,Paper,2013,North America,23
Office Supplies,Pasadena,United States,EA-140354,Erin Ashbrook,0.0,US,1,2013-06-13 00:00:00.000,CA-2013-104633,High,OFF-PA-10000241,"IBM Multi-Purpose Copy Paper, 8 1/2 x 11"", Case",83.646,6,West,39520,186,Corporate,2013-06-17 00:00:00.000,Standard Class,25.81,California,Paper,2013,North America,24
Office Supplies,Pasadena,United States,EA-140354,Erin Ashbrook,0.0,US,1,2013-06-13 00:00:00.000,CA-2013-104633,High,OFF-PA-10004782,Xerox 228,6.2208,2,West,39521,13,Corporate,2013-06-17 00:00:00.000,Standard Class,1.32,California,Paper,2013,North America,24
Office Supplies,Pasadena,United States,RC-198254,Roy Collins,0.0,US,1,2013-06-21 00:00:00.000,CA-2013-141397,Critical,OFF-PA-10002986,Xerox 1898,22.4448,7,West,32603,47,Consumer,2013-06-22 00:00:00.000,First Class,14.08,California,Paper,2013,North America,25
Office Supplies,Salinas,United States,DP-131054,Dave Poirier,0.0,US,1,2013-06-21 00:00:00.000,CA-2013-152534,Medium,OFF-PA-10001870,Xerox 202,18.6624,6,West,32148,39,Corporate,2013-06-26 00:00:00.000,Second Class,3.01,California,Paper,2013,North America,25
Office Supplies,Davis,United States,JP-155204,Jeremy Pistek,0.0,US,1,2013-08-17 00:00:00.000,CA-2013-113117,Medium,OFF-PA-10000019,Xerox 1931,15.552,5,West,39185,32,Consumer,2013-08-23 00:00:00.000,Standard Class,1.74,California,Paper,2013,North America,33
Office Supplies,San Jose,United States,RF-197354,Roland Fjeld,0.0,US,1,2013-08-27 00:00:00.000,CA-2013-105585,High,OFF-PA-10003625,Xerox 1979,69.705,5,West,32290,155,Consumer,2013-08-28 00:00:00.000,First Class,7.43,California,Paper,2013,North America,35
Office Supplies,Redondo Beach,United States,JH-159854,Joseph Holt,0.0,US,1,2013-09-06 00:00:00.000,CA-2013-151372,Critical,OFF-PA-10004381,14-7/8 x 11 Blue Bar Computer Printout Paper,46.1184,2,West,36241,96,Consumer,2013-09-07 00:00:00.000,First Class,8.56,California,Paper,2013,North America,36
Office Supplies,Visalia,United States,LP-170954,Liz Preis,0.0,US,1,2013-09-09 00:00:00.000,CA-2013-103709,Medium,OFF-PA-10004610,Xerox 1900,15.408,8,West,38761,34,Consumer,2013-09-16 00:00:00.000,Standard Class,1.94,California,Paper,2013,North America,37
Office Supplies,Laguna Niguel,United States,BC-111254,Becky Castell,0.0,US,1,2013-09-17 00:00:00.000,US-2013-134369,Low,OFF-PA-10002195,Xerox 1966,6.3504,2,West,38295,13,Home Office,2013-09-23 00:00:00.000,Standard Class,1.7,California,Paper,2013,North America,38
Office Supplies,Stockton,United States,SW-202454,Scot Wooten,0.0,US,1,2013-09-20 00:00:00.000,CA-2013-130267,Medium,OFF-PA-10002222,"Xerox Color Copier Paper, 11"" x 17"", Ream",73.5448,7,West,33414,160,Consumer,2013-09-24 00:00:00.000,Standard Class,11.16,California,Paper,2013,North America,38
Office Supplies,Long Beach,United States,DL-128654,Dan Lawera,0.0,US,1,2013-09-26 00:00:00.000,US-2013-125402,Medium,OFF-PA-10000141,"Ampad Evidence Wirebond Steno Books, 6"" x 9""",5.123,5,West,41133,11,Consumer,2013-10-02 00:00:00.000,Standard Class,0.77,California,Paper,2013,North America,39
Office Supplies,Redlands,United States,CM-124454,Chuck Magee,0.0,US,1,2013-09-27 00:00:00.000,CA-2013-145898,Medium,OFF-PA-10001667,Great White Multi-Use Recycled Paper (20Lb. and 84 Bright),13.455,5,West,36512,30,Consumer,2013-09-27 00:00:00.000,Same Day,5.84,California,Paper,2013,North America,39
Office Supplies,Lake Forest,United States,DB-129104,Daniel Byrd,0.0,US,1,2013-10-04 00:00:00.000,CA-2013-101672,Medium,OFF-PA-10001878,Xerox 1891,45.9754,2,West,39171,98,Home Office,2013-10-08 00:00:00.000,Standard Class,6.84,California,Paper,2013,North America,40
Office Supplies,Lake Forest,United States,DB-129104,Daniel Byrd,0.0,US,1,2013-10-04 00:00:00.000,CA-2013-101672,Medium,OFF-PA-10004610,Xerox 1900,3.852,2,West,39170,9,Home Office,2013-10-08 00:00:00.000,Standard Class,0.84,California,Paper,2013,North America,40
Office Supplies,Roseville,United States,LC-168854,Lena Creighton,0.0,US,1,2013-10-14 00:00:00.000,CA-2013-145583,Medium,OFF-PA-10001736,Xerox 1880,16.6568,1,West,31431,35,Consumer,2013-10-20 00:00:00.000,Standard Class,1.99,California,Paper,2013,North America,42
Office Supplies,Roseville,United States,LC-168854,Lena Creighton,0.0,US,1,2013-10-14 00:00:00.000,CA-2013-145583,Medium,OFF-PA-10001804,Xerox 195,9.6192,3,West,31430,20,Consumer,2013-10-20 00:00:00.000,Standard Class,1.34,California,Paper,2013,North America,42
Office Supplies,Riverside,United States,NM-185204,Neoma Murray,0.0,US,1,2013-10-22 00:00:00.000,CA-2013-112340,Medium,OFF-PA-10001892,"Rediform Wirebound ""Phone Memo"" Message Book, 11 x 5-3/4",11.2308,3,West,32401,23,Consumer,2013-10-28 00:00:00.000,Standard Class,1.34,California,Paper,2013,North America,43
Office Supplies,Oceanside,United States,PS-190454,Penelope Sewall,0.0,US,1,2013-11-08 00:00:00.000,CA-2013-164896,Medium,OFF-PA-10002246,"Wirebound Four 2-3/4 x 5 Forms per Page, 400 Sets per Book",6.321,2,West,36271,13,Home Office,2013-11-13 00:00:00.000,Standard Class,0.8,California,Paper,2013,North America,45
Office Supplies,Oxnard,United States,LB-167954,Laurel Beltran,0.0,US,1,2013-12-02 00:00:00.000,US-2013-155768,High,OFF-PA-10001357,Xerox 1886,22.992,1,West,40468,48,Home Office,2013-12-02 00:00:00.000,Same Day,3.66,California,Paper,2013,North America,49
Office Supplies,Antioch,United States,GG-146504,Greg Guthrie,0.0,US,1,2013-12-07 00:00:00.000,US-2013-114776,Medium,OFF-PA-10004100,Xerox 216,9.3312,3,West,32429,19,Corporate,2013-12-08 00:00:00.000,First Class,3.64,California,Paper,2013,North America,49
Office Supplies,Long Beach,United States,SJ-201254,Sanjit Jacobs,0.0,US,1,2013-12-11 00:00:00.000,CA-2013-147123,High,OFF-PA-10000575,"Wirebound Message Books, Four 2 3/4 x 5 White Forms per Page",36.9288,12,West,36821,80,Home Office,2013-12-13 00:00:00.000,First Class,8.9,California,Paper,2013,North America,50
Office Supplies,Anaheim,United States,WB-218504,William Brown,0.0,US,1,2013-12-12 00:00:00.000,CA-2013-165330,Critical,OFF-PA-10000241,"IBM Multi-Purpose Copy Paper, 8 1/2 x 11"", Case",13.941,1,West,38349,31,Consumer,2013-12-12 00:00:00.000,Same Day,8.18,California,Paper,2013,North America,50
Office Supplies,Rancho Cucamonga,United States,DL-133154,Delfina Latchford,0.0,US,1,2014-01-04 00:00:00.000,US-2014-114034,Medium,OFF-PA-10004735,Xerox 1905,18.6624,6,West,36554,39,Consumer,2014-01-09 00:00:00.000,Standard Class,2.92,California,Paper,2014,North America,1
Office Supplies,Costa Mesa,United States,DB-130604,Dave Brooks,0.0,US,1,2014-02-27 00:00:00.000,CA-2014-121258,Medium,OFF-PA-10004041,"It's Hot Message Books with Stickers, 2 3/4"" x 5""",13.32,4,West,41289,30,Consumer,2014-03-04 00:00:00.000,Standard Class,1.19,California,Paper,2014,North America,9
Office Supplies,Manteca,United States,KF-162854,Karen Ferguson,0.0,US,1,2014-03-14 00:00:00.000,CA-2014-166296,Low,OFF-PA-10004359,Multicolor Computer Printout Paper,150.984,3,West,33459,315,Home Office,2014-03-20 00:00:00.000,Standard Class,32.13,California,Paper,2014,North America,11
Office Supplies,Fresno,United States,BD-115604,Brendan Dodson,0.0,US,1,2014-03-28 00:00:00.000,CA-2014-124716,High,OFF-PA-10000859,Unpadded Memo Slips,5.97,3,West,39784,12,Home Office,2014-04-01 00:00:00.000,Standard Class,0.41,California,Paper,2014,North America,13
Office Supplies,Fresno,United States,BD-115604,Brendan Dodson,0.0,US,1,2014-03-28 00:00:00.000,CA-2014-124716,High,OFF-PA-10001144,Xerox 1913,53.2608,2,West,39783,111,Home Office,2014-04-01 00:00:00.000,Standard Class,13.75,California,Paper,2014,North America,13
Office Supplies,Fresno,United States,BD-115604,Brendan Dodson,0.0,US,1,2014-03-28 00:00:00.000,CA-2014-124716,High,OFF-PA-10000740,Xerox 1982,21.0128,2,West,39782,46,Home Office,2014-04-01 00:00:00.000,Standard Class,6.77,California,Paper,2014,North America,13
Office Supplies,Fairfield,United States,DH-130754,Dave Hallsten,0.0,US,1,2014-03-29 00:00:00.000,US-2014-147886,High,OFF-PA-10003651,Xerox 1968,12.8256,4,West,37039,27,Corporate,2014-04-01 00:00:00.000,First Class,0.67,California,Paper,2014,North America,13
Office Supplies,Fairfield,United States,DH-130754,Dave Hallsten,0.0,US,1,2014-03-29 00:00:00.000,US-2014-147886,High,OFF-PA-10000232,Xerox 1975,6.3504,2,West,37036,13,Corporate,2014-04-01 00:00:00.000,First Class,1.84,California,Paper,2014,North America,13
Office Supplies,Fairfield,United States,DH-130754,Dave Hallsten,0.0,US,1,2014-03-29 00:00:00.000,US-2014-147886,High,OFF-PA-10000743,Xerox 1977,9.6192,3,West,37040,20,Corporate,2014-04-01 00:00:00.000,First Class,5.39,California,Paper,2014,North America,13
Office Supplies,Oceanside,United States,CD-119204,Carlos Daly,0.0,US,1,2014-05-27 00:00:00.000,CA-2014-107853,Medium,OFF-PA-10000520,Xerox 201,6.2208,2,West,40734,13,Consumer,2014-06-01 00:00:00.000,Standard Class,0.98,California,Paper,2014,North America,22
Office Supplies,Apple Valley,United States,AJ-107954,Anthony Johnson,0.0,US,1,2014-07-18 00:00:00.000,CA-2014-142342,High,OFF-PA-10004609,Xerox 221,15.552,5,West,36945,32,Corporate,2014-07-20 00:00:00.000,Second Class,5.08,California,Paper,2014,North America,29
Office Supplies,Westminster,United States,JL-155054,Jeremy Lonsdale,0.0,US,1,2014-08-08 00:00:00.000,CA-2014-156776,High,OFF-PA-10001970,Xerox 1881,11.5432,2,West,40480,25,Consumer,2014-08-12 00:00:00.000,Standard Class,2.01,California,Paper,2014,North America,32
Office Supplies,San Jose,United States,MC-175754,Matt Collins,0.0,US,1,2014-08-08 00:00:00.000,CA-2014-115175,Medium,OFF-PA-10001878,Xerox 1891,114.9385,5,West,35754,245,Consumer,2014-08-13 00:00:00.000,Standard Class,18.12,California,Paper,2014,North America,32
Office Supplies,Brentwood,United States,RW-195404,Rick Wilson,0.0,US,1,2014-08-18 00:00:00.000,CA-2014-166093,Medium,OFF-PA-10003893,Xerox 1962,3.852,2,West,39232,9,Corporate,2014-08-25 00:00:00.000,Standard Class,1.11,California,Paper,2014,North America,34
Office Supplies,Inglewood,United States,DR-128804,Dan Reichenbach,0.0,US,1,2014-08-28 00:00:00.000,CA-2014-161956,Medium,OFF-PA-10001289,White Computer Printout Paper by Universal,56.9772,3,West,35049,116,Corporate,2014-08-30 00:00:00.000,Second Class,2.78,California,Paper,2014,North America,35
Office Supplies,Apple Valley,United States,KB-164054,Katrina Bavinger,0.0,US,1,2014-09-05 00:00:00.000,CA-2014-101182,Medium,OFF-PA-10001800,Xerox 220,6.2208,2,West,34376,13,Home Office,2014-09-06 00:00:00.000,First Class,1.72,California,Paper,2014,North America,36
Office Supplies,Long Beach,United States,KF-162854,Karen Ferguson,0.0,US,1,2014-09-12 00:00:00.000,CA-2014-149559,Critical,OFF-PA-10003172,Xerox 1996,6.2208,2,West,34338,13,Home Office,2014-09-13 00:00:00.000,Same Day,0.2,California,Paper,2014,North America,37
Office Supplies,Santa Ana,United States,KH-166304,Ken Heidel,0.0,US,1,2014-09-12 00:00:00.000,CA-2014-166898,High,OFF-PA-10002262,Xerox 192,9.3312,3,West,40378,19,Corporate,2014-09-14 00:00:00.000,Second Class,1.81,California,Paper,2014,North America,37
Office Supplies,Inglewood,United States,BB-109904,Barry Blumstein,0.0,US,1,2014-09-17 00:00:00.000,CA-2014-118136,High,OFF-PA-10002615,"Ampad Gold Fibre Wirebound Steno Books, 6"" x 9"", Gregg Ruled",4.0572,2,West,31571,9,Corporate,2014-09-18 00:00:00.000,First Class,0.27,California,Paper,2014,North America,38
Office Supplies,Santa Clara,United States,DB-131204,David Bremer,0.0,US,1,2014-11-13 00:00:00.000,CA-2014-160514,Medium,OFF-PA-10002479,Xerox 4200 Series MultiUse Premium Copy Paper (20Lb. and 84 Bright),4.752,2,West,31533,11,Corporate,2014-11-17 00:00:00.000,Standard Class,1.06,California,Paper,2014,North America,46
Office Supplies,Laguna Niguel,United States,EB-137504,Edward Becker,0.0,US,1,2014-11-26 00:00:00.000,CA-2014-161459,Medium,OFF-PA-10002377,"Adams Telephone Message Book W/Dividers/Space For Phone Numbers, 5 1/4""X8 1/2"", 200/Messages",15.336,6,West,37616,34,Corporate,2014-11-30 00:00:00.000,Second Class,2.62,California,Paper,2014,North America,48
Office Supplies,Inglewood,United States,LF-171854,Luke Foster,0.0,US,1,2014-12-09 00:00:00.000,CA-2014-148264,Critical,OFF-PA-10003651,Xerox 1968,28.8576,9,West,34729,60,Consumer,2014-12-10 00:00:00.000,First Class,17.69,California,Paper,2014,North America,50
Office Supplies,Stockton,United States,AG-103304,Alex Grayson,0.0,US,1,2014-12-11 00:00:00.000,CA-2014-107748,Medium,OFF-PA-10002005,Xerox 225,6.2208,2,West,35650,13,Consumer,2014-12-13 00:00:00.000,Second Class,0.65,California,Paper,2014,North America,50
Office Supplies,Inglewood,United States,KM-166604,Khloe Miller,0.0,US,1,2014-12-16 00:00:00.000,CA-2014-154116,High,OFF-PA-10004569,"Wirebound Message Books, Two 4 1/4"" x 5"" Forms per Page",10.7301,3,West,40995,23,Consumer,2014-12-20 00:00:00.000,Standard Class,1.83,California,Paper,2014,North America,51
Office Supplies,Troy,United States,AH-100304,Aaron Hawkins,0.0,US,1,2011-04-22 00:00:00.000,CA-2011-122070,Critical,OFF-EN-10004773,Staples,121.4416,8,East,38460,248,Corporate,2011-04-24 00:00:00.000,Second Class,55.2,New York,Envelopes,2011,North America,17
Office Supplies,Watertown,United States,BG-116954,Brooke Gillingham,0.0,US,1,2011-05-11 00:00:00.000,CA-2011-127523,Medium,OFF-AP-10004249,Staples,9.6957,3,East,35421,36,Corporate,2011-05-18 00:00:00.000,Standard Class,3.35,New York,Appliances,2011,North America,20
Office Supplies,Long Beach,United States,GT-146354,Grant Thornton,0.0,US,1,2011-06-06 00:00:00.000,CA-2011-159520,Medium,OFF-SU-10001664,Acme Office Executive Series Stainless Steel Trimmers,4.4564,2,East,33437,17,Corporate,2011-06-11 00:00:00.000,Standard Class,1.39,New York,Supplies,2011,North America,24
Office Supplies,Long Beach,United States,SP-206204,Stefania Perrino,0.0,US,1,2011-09-08 00:00:00.000,CA-2011-123127,High,OFF-AP-10001962,Black & Decker Filter for Double Action Dustbuster Cordless Vac BLDV7210,4.195,2,East,35610,17,Corporate,2011-09-12 00:00:00.000,Standard Class,1.55,New York,Appliances,2011,North America,37
Office Supplies,New Rochelle,United States,KN-167054,Kristina Nunn,0.0,US,1,2011-11-11 00:00:00.000,US-2011-143287,Low,OFF-PA-10001776,"Wirebound Message Books, Four 2 3/4"" x 5"" Forms per Page, 600 Sets per Book",21.7845,5,East,41253,46,Home Office,2011-11-17 00:00:00.000,Standard Class,3.98,New York,Paper,2011,North America,46
Office Supplies,New Rochelle,United States,KN-167054,Kristina Nunn,0.0,US,1,2011-11-11 00:00:00.000,US-2011-143287,Low,OFF-PA-10004039,Xerox 1882,109.7208,4,East,41254,224,Home Office,2011-11-17 00:00:00.000,Standard Class,29.05,New York,Paper,2011,North America,46
Office Supplies,New Rochelle,United States,KN-167054,Kristina Nunn,0.0,US,1,2011-11-11 00:00:00.000,US-2011-143287,Low,OFF-SU-10001574,Acme Value Line Scissors,2.19,2,East,41255,7,Home Office,2011-11-17 00:00:00.000,Standard Class,0.64,New York,Supplies,2011,North America,46
Office Supplies,Long Beach,United States,AR-108254,Anthony Rawles,0.0,US,1,2012-03-08 00:00:00.000,CA-2012-160213,Medium,OFF-PA-10003848,Xerox 1997,9.3312,3,East,35463,19,Corporate,2012-03-13 00:00:00.000,Standard Class,1.52,New York,Paper,2012,North America,10
Office Supplies,Rochester,United States,EH-141254,Eugene Hildebrand,0.0,US,1,2012-04-10 00:00:00.000,CA-2012-134201,Medium,OFF-AR-10002804,Faber Castell Col-Erase Pencils,6.0147,3,East,37358,15,Home Office,2012-04-16 00:00:00.000,Standard Class,0.57,New York,Art,2012,North America,15
Office Supplies,Rochester,United States,EH-141254,Eugene Hildebrand,0.0,US,1,2012-04-10 00:00:00.000,CA-2012-134201,Medium,OFF-ST-10001476,Steel Personal Filing/Posting Tote,38.3508,4,East,37357,142,Home Office,2012-04-16 00:00:00.000,Standard Class,7.23,New York,Storage,2012,North America,15
Office Supplies,Long Beach,United States,CW-119054,Carl Weiss,0.0,US,1,2012-05-31 00:00:00.000,CA-2012-156153,High,OFF-FA-10003472,Bagged Rubber Bands,0.3024,6,East,39044,8,Home Office,2012-06-02 00:00:00.000,Second Class,0.8,New York,Fasteners,2012,North America,22
Office Supplies,Long Beach,United States,TC-209804,Tamara Chand,0.0,US,1,2012-09-20 00:00:00.000,CA-2012-156013,Medium,OFF-PA-10001970,Xerox 1881,28.858,5,East,39357,61,Corporate,2012-09-26 00:00:00.000,Standard Class,2.74,New York,Paper,2012,North America,38
Office Supplies,Lindenhurst,United States,MH-177854,Maya Herman,0.0,US,1,2012-12-20 00:00:00.000,CA-2012-154144,High,OFF-PA-10004071,"Eaton Premium Continuous-Feed Paper, 25% Cotton, Letter Size, White, 1000 Shts/Box",26.6304,1,East,31767,55,Corporate,2012-12-24 00:00:00.000,Standard Class,5.59,New York,Paper,2012,North America,51
Office Supplies,Rochester,United States,DB-131204,David Bremer,0.0,US,1,2012-12-24 00:00:00.000,CA-2012-124653,High,OFF-LA-10002271,Smead Alpha-Z Color-Coded Second Alphabetical Labels and Starter Set,10.3488,7,East,32095,22,Corporate,2012-12-26 00:00:00.000,First Class,4.0,New York,Labels,2012,North America,52
Office Supplies,Rochester,United States,DB-131204,David Bremer,0.0,US,1,2012-12-24 00:00:00.000,CA-2012-124653,High,OFF-PA-10000176,Xerox 1887,63.7392,7,East,32093,133,Corporate,2012-12-26 00:00:00.000,First Class,37.87,New York,Paper,2012,North America,52
Office Supplies,Rochester,United States,DB-131204,David Bremer,0.0,US,1,2012-12-24 00:00:00.000,CA-2012-124653,High,OFF-PA-10002365,Xerox 1967,6.2208,2,East,32094,13,Corporate,2012-12-26 00:00:00.000,First Class,2.71,New York,Paper,2012,North America,52
Office Supplies,Long Beach,United States,CK-127604,Cyma Kinney,0.0,US,1,2013-02-19 00:00:00.000,CA-2013-101630,High,OFF-LA-10004425,Staples,4.0749,3,East,36073,9,Corporate,2013-02-23 00:00:00.000,Second Class,0.8,New York,Labels,2013,North America,8
Office Supplies,Long Beach,United States,CK-127604,Cyma Kinney,0.0,US,1,2013-02-19 00:00:00.000,CA-2013-101630,High,OFF-SU-10001664,Acme Office Executive Series Stainless Steel Trimmers,6.6846,3,East,36074,26,Corporate,2013-02-23 00:00:00.000,Second Class,3.11,New York,Supplies,2013,North America,8
Office Supplies,Oceanside,United States,BV-112454,Benjamin Venier,0.0,US,1,2013-02-21 00:00:00.000,US-2013-168410,Medium,OFF-ST-10000036,"Recycled Data-Pak for Archival Bound Computer Printouts, 12-1/2 x 12-1/2 x 16",80.0199,3,East,36603,296,Corporate,2013-02-26 00:00:00.000,Standard Class,11.98,New York,Storage,2013,North America,8
Office Supplies,Troy,United States,BC-111254,Becky Castell,0.0,US,1,2013-04-05 00:00:00.000,CA-2013-123050,Medium,OFF-ST-10003455,"Tenex File Box, Personal Filing Tote with Lid, Black",8.0652,2,East,39525,31,Home Office,2013-04-09 00:00:00.000,Second Class,2.88,New York,Storage,2013,North America,14
Office Supplies,Niagara Falls,United States,NP-186854,Nora Pelletier,0.0,US,1,2013-11-20 00:00:00.000,CA-2013-113138,Medium,OFF-AR-10003770,Newell 340,5.0112,6,East,32771,17,Home Office,2013-11-26 00:00:00.000,Standard Class,1.05,New York,Art,2013,North America,47
Office Supplies,Mount Vernon,United States,RS-197654,Roland Schwarz,0.0,US,1,2014-05-20 00:00:00.000,US-2014-100048,Medium,OFF-AP-10001154,Bionaire Personal Warm Mist Humidifier/Vaporizer,109.7226,6,East,32009,281,Corporate,2014-05-25 00:00:00.000,Standard Class,28.97,New York,Appliances,2014,North America,21
Office Supplies,Auburn,United States,JG-158054,John Grady,0.0,US,1,2014-05-22 00:00:00.000,CA-2014-167899,Medium,OFF-AR-10001988,Bulldog Table or Wall-Mount Pencil Sharpener,5.2113,3,East,32286,18,Corporate,2014-05-27 00:00:00.000,Standard Class,0.63,New York,Art,2014,North America,21
Office Supplies,Mount Vernon,United States,ND-184604,Neil Ducich,0.0,US,1,2014-07-01 00:00:00.000,CA-2014-164112,Medium,OFF-ST-10002615,"Dual Level, Single-Width Filing Carts",282.2092,7,East,39571,1085,Corporate,2014-07-05 00:00:00.000,Standard Class,86.51,New York,Storage,2014,North America,27
Office Supplies,Rome,United States,BE-113354,Bill Eplett,0.0,US,1,2014-07-18 00:00:00.000,US-2014-105046,Medium,OFF-PA-10004353,Southworth 25% Cotton Premium Laser Paper and Envelopes,47.952,5,East,35823,100,Home Office,2014-07-24 00:00:00.000,Standard Class,10.51,New York,Paper,2014,North America,29
Office Supplies,Long Beach,United States,LR-170354,Lisa Ryan,0.0,US,1,2014-07-24 00:00:00.000,CA-2014-103506,High,OFF-LA-10001158,"Avery Address/Shipping Labels for Typewriters, 4"" x 2""",19.872,4,East,37558,41,Corporate,2014-07-28 00:00:00.000,Standard Class,3.6,New York,Labels,2014,North America,30
Office Supplies,Hempstead,United States,FH-143654,Fred Hopkins,0.0,US,1,2014-09-30 00:00:00.000,CA-2014-126676,Critical,OFF-EN-10004846,Letter or Legal Size Expandable Poly String Tie Envelopes,3.9102,3,East,39887,8,Corporate,2014-10-02 00:00:00.000,First Class,1.44,New York,Envelopes,2014,North America,40
Office Supplies,Rochester,United States,JC-161054,Julie Creighton,0.0,US,1,2014-10-24 00:00:00.000,CA-2014-139913,Low,OFF-PA-10003739,Xerox 1969,5.6644,2,East,34189,12,Corporate,2014-10-30 00:00:00.000,Standard Class,1.51,New York,Paper,2014,North America,43
Office Supplies,Rochester,United States,JC-161054,Julie Creighton,0.0,US,1,2014-10-24 00:00:00.000,CA-2014-139913,Low,OFF-PA-10002479,Xerox 4200 Series MultiUse Premium Copy Paper (20Lb. and 84 Bright),11.88,5,East,34190,26,Corporate,2014-10-30 00:00:00.000,Standard Class,3.76,New York,Paper,2014,North America,43
Office Supplies,Auburn,United States,GB-145304,George Bell,0.0,US,1,2014-10-30 00:00:00.000,CA-2014-160983,High,OFF-PA-10002250,Things To Do Today Pad,22.5408,8,East,32195,47,Corporate,2014-11-01 00:00:00.000,Second Class,3.71,New York,Paper,2014,North America,44
Office Supplies,Watertown,United States,PW-190304,Pauline Webber,0.0,US,1,2014-11-15 00:00:00.000,CA-2014-137323,High,OFF-ST-10003996,"Letter/Legal File Tote with Clear Snap-On Lid, Black Granite",25.0536,6,East,39982,96,Corporate,2014-11-19 00:00:00.000,Second Class,10.1,New York,Storage,2014,North America,46
Office Supplies,Rochester,United States,DK-132254,Dean Katz,0.0,US,1,2014-12-21 00:00:00.000,CA-2014-105480,Medium,OFF-PA-10002787,Xerox 227,3.1104,1,East,33565,6,Corporate,2014-12-27 00:00:00.000,Standard Class,0.32,New York,Paper,2014,North America,52
Office Supplies,Yonkers,United States,AB-101504,Aimee Bixby,0.0,US,1,2011-03-05 00:00:00.000,CA-2011-169061,Medium,OFF-AR-10000588,Newell 345,15.4752,3,East,39793,60,Consumer,2011-03-08 00:00:00.000,Second Class,8.02,New York,Art,2011,North America,10
Office Supplies,Yonkers,United States,AB-101504,Aimee Bixby,0.0,US,1,2011-03-05 00:00:00.000,CA-2011-169061,Medium,OFF-PA-10001878,Xerox 1891,45.9754,2,East,39797,98,Consumer,2011-03-08 00:00:00.000,Second Class,10.13,New York,Paper,2011,North America,10
Office Supplies,Yonkers,United States,AB-101504,Aimee Bixby,0.0,US,1,2011-03-05 00:00:00.000,CA-2011-169061,Medium,OFF-SU-10000381,Acme Forged Steel Scissors with Black Enamel Handles,5.3998,2,East,39795,19,Consumer,2011-03-08 00:00:00.000,Second Class,1.91,New York,Supplies,2011,North America,10
Office Supplies,Long Beach,United States,KM-167204,Kunst Miller,0.0,US,1,2011-03-30 00:00:00.000,CA-2011-169033,Medium,OFF-AR-10001915,Peel-Off China Markers,20.853,5,East,34193,50,Consumer,2011-04-03 00:00:00.000,Standard Class,1.58,New York,Art,2011,North America,14
Office Supplies,Rochester,United States,BM-117854,Bryan Mills,0.0,US,1,2011-06-06 00:00:00.000,CA-2011-133270,High,OFF-AR-10002656,Sanford Liquid Accent Highlighters,4.9432,2,East,33042,13,Consumer,2011-06-09 00:00:00.000,First Class,1.92,New York,Art,2011,North America,24
Office Supplies,Long Beach,United States,RD-194804,Rick Duston,0.0,US,1,2011-06-08 00:00:00.000,CA-2011-108147,Medium,OFF-ST-10003470,"Tennsco Snap-Together Open Shelving Units, Starter Sets and Add-On Units",83.844,6,East,40664,1677,Consumer,2011-06-13 00:00:00.000,Standard Class,85.79,New York,Storage,2011,North America,24
Office Supplies,Hempstead,United States,CK-122054,Chloris Kastensmidt,0.0,US,1,2011-06-16 00:00:00.000,CA-2011-113929,Medium,OFF-AR-10003772,Boston 16750 Black Compact Battery Pencil Sharpener,10.5,4,East,34209,35,Consumer,2011-06-21 00:00:00.000,Standard Class,1.72,New York,Art,2011,North America,25
Office Supplies,Hempstead,United States,CK-122054,Chloris Kastensmidt,0.0,US,1,2011-06-16 00:00:00.000,CA-2011-113929,Medium,OFF-EN-10003286,Staples,19.458,5,East,34208,41,Consumer,2011-06-21 00:00:00.000,Standard Class,3.88,New York,Envelopes,2011,North America,25
Office Supplies,Watertown,United States,JM-161954,Justin MacKendrick,0.0,US,1,2011-09-02 00:00:00.000,CA-2011-157721,High,OFF-AP-10001303,"Holmes Cool Mist Humidifier for the Whole House with 8-Gallon Output per Day, Extended Life Filter",8.955,1,East,34221,20,Consumer,2011-09-05 00:00:00.000,First Class,3.34,New York,Appliances,2011,North America,36
Office Supplies,Rochester,United States,AJ-109604,Astrea Jones,0.0,US,1,2011-09-14 00:00:00.000,CA-2011-113362,Medium,OFF-EN-10003845,Colored Envelopes,5.0922,3,East,31789,11,Consumer,2011-09-19 00:00:00.000,Standard Class,0.55,New York,Envelopes,2011,North America,38
Office Supplies,Rochester,United States,AJ-109604,Astrea Jones,0.0,US,1,2011-09-14 00:00:00.000,CA-2011-113362,Medium,OFF-ST-10001809,Fellowes Officeware Wire Shelving,8.983,5,East,31788,449,Consumer,2011-09-19 00:00:00.000,Standard Class,19.03,New York,Storage,2011,North America,38
Office Supplies,Long Beach,United States,DL-129254,Daniel Lacy,0.0,US,1,2011-11-01 00:00:00.000,US-2011-137155,Medium,OFF-AP-10002518,Kensington 7 Outlet MasterPiece Power Center,154.8426,3,East,38855,534,Consumer,2011-11-05 00:00:00.000,Standard Class,29.73,New York,Appliances,2011,North America,45
Office Supplies,Long Beach,United States,DL-129254,Daniel Lacy,0.0,US,1,2011-11-01 00:00:00.000,US-2011-137155,Medium,OFF-PA-10000806,Xerox 1934,82.2906,3,East,38856,168,Consumer,2011-11-05 00:00:00.000,Standard Class,2.83,New York,Paper,2011,North America,45
Office Supplies,Utica,United States,LS-172454,Lynn Smith,0.0,US,1,2011-11-26 00:00:00.000,CA-2011-124730,High,OFF-LA-10001158,"Avery Address/Shipping Labels for Typewriters, 4"" x 2""",44.712,9,East,37115,93,Consumer,2011-11-26 00:00:00.000,Same Day,15.58,New York,Labels,2011,North America,48
Office Supplies,Utica,United States,LS-172454,Lynn Smith,0.0,US,1,2011-11-26 00:00:00.000,CA-2011-124730,High,OFF-LA-10001613,Avery File Folder Labels,5.6448,4,East,37116,12,Consumer,2011-11-26 00:00:00.000,Same Day,2.75,New York,Labels,2011,North America,48
Office Supplies,Mount Vernon,United States,JL-155054,Jeremy Lonsdale,0.0,US,1,2011-11-30 00:00:00.000,CA-2011-103590,High,OFF-EN-10004007,Park Ridge Embossed Executive Business Envelopes,29.2716,4,East,35512,62,Consumer,2011-12-04 00:00:00.000,Standard Class,4.74,New York,Envelopes,2011,North America,49
Office Supplies,Long Beach,United States,DV-134654,Dianna Vittorini,0.0,US,1,2012-05-17 00:00:00.000,CA-2012-100251,Medium,OFF-LA-10003766,Self-Adhesive Removable Labels,15.12,10,East,41281,32,Consumer,2012-05-23 00:00:00.000,Standard Class,2.37,New York,Labels,2012,North America,20
Office Supplies,Long Beach,United States,DV-134654,Dianna Vittorini,0.0,US,1,2012-05-17 00:00:00.000,CA-2012-100251,Medium,OFF-SU-10000898,"Acme Hot Forged Carbon Steel Scissors with Nickel-Plated Handles, 3 7/8"" Cut, 8""L",16.124,4,East,41282,56,Consumer,2012-05-23 00:00:00.000,Standard Class,3.42,New York,Supplies,2012,North America,20
Office Supplies,Freeport,United States,KB-163154,Karl Braun,0.0,US,1,2012-05-28 00:00:00.000,CA-2012-131758,Medium,OFF-AR-10000411,Boston 16701 Slimline Battery Pencil Sharpener,14.346,3,East,32640,48,Consumer,2012-06-01 00:00:00.000,Standard Class,5.48,New York,Art,2012,North America,22
Office Supplies,Freeport,United States,KB-163154,Karl Braun,0.0,US,1,2012-05-28 00:00:00.000,CA-2012-131758,Medium,OFF-LA-10000262,Avery 494,6.003,5,East,32641,13,Consumer,2012-06-01 00:00:00.000,Standard Class,0.97,New York,Labels,2012,North America,22
Office Supplies,Rochester,United States,MS-177704,Maxwell Schwartz,0.0,US,1,2012-05-28 00:00:00.000,CA-2012-135020,Medium,OFF-PA-10004255,Xerox 219,21.7728,7,East,35906,45,Consumer,2012-06-02 00:00:00.000,Standard Class,5.65,New York,Paper,2012,North America,22
Office Supplies,Rochester,United States,MS-177704,Maxwell Schwartz,0.0,US,1,2012-05-28 00:00:00.000,CA-2012-135020,Medium,OFF-ST-10001490,"Hot File 7-Pocket, Floor Stand",160.623,3,East,35904,535,Consumer,2012-06-02 00:00:00.000,Standard Class,17.52,New York,Storage,2012,North America,22
Office Supplies,Auburn,United States,TM-210104,Tamara Manning,0.0,US,1,2012-09-12 00:00:00.000,CA-2012-102015,Medium,OFF-AR-10004685,"Binney & Smith Crayola Metallic Colored Pencils, 8-Color Set",3.0558,2,East,36501,9,Consumer,2012-09-18 00:00:00.000,Standard Class,0.14,New York,Art,2012,North America,37
Office Supplies,Auburn,United States,TM-210104,Tamara Manning,0.0,US,1,2012-09-12 00:00:00.000,CA-2012-102015,Medium,OFF-EN-10002504,"Tyvek  Top-Opening Peel & Seel Envelopes, Plain White",12.7746,1,East,36506,27,Consumer,2012-09-18 00:00:00.000,Standard Class,1.91,New York,Envelopes,2012,North America,37
Office Supplies,Auburn,United States,TM-210104,Tamara Manning,0.0,US,1,2012-09-12 00:00:00.000,CA-2012-102015,Medium,OFF-FA-10000490,"OIC Binder Clips, Mini, 1/4"" Capacity, Black",0.5828,1,East,36503,1,Consumer,2012-09-18 00:00:00.000,Standard Class,0.11,New York,Fasteners,2012,North America,37
Office Supplies,Auburn,United States,TM-210104,Tamara Manning,0.0,US,1,2012-09-12 00:00:00.000,CA-2012-102015,Medium,OFF-LA-10002043,Avery 489,9.936,2,East,36504,21,Consumer,2012-09-18 00:00:00.000,Standard Class,0.52,New York,Labels,2012,North America,37
Office Supplies,Auburn,United States,TM-210104,Tamara Manning,0.0,US,1,2012-09-12 00:00:00.000,CA-2012-102015,Medium,OFF-PA-10002464,HP Office Recycled Paper (20Lb. and 87 Bright),14.161,5,East,36505,29,Consumer,2012-09-18 00:00:00.000,Standard Class,2.81,New York,Paper,2012,North America,37
Office Supplies,Auburn,United States,TM-210104,Tamara Manning,0.0,US,1,2012-09-12 00:00:00.000,CA-2012-102015,Medium,OFF-ST-10001713,"Gould Plastics 9-Pocket Panel Bin, 18-3/8w x 5-1/4d x 20-1/2h, Black",4.2392,2,East,36502,106,Consumer,2012-09-18 00:00:00.000,Standard Class,7.93,New York,Storage,2012,North America,37
Office Supplies,Freeport,United States,CS-119504,Carlos Soltero,0.0,US,1,2012-09-25 00:00:00.000,CA-2012-151869,High,OFF-PA-10002947,Xerox 1923,9.6192,3,East,40565,20,Consumer,2012-09-25 00:00:00.000,Same Day,2.25,New York,Paper,2012,North America,39
Office Supplies,Oceanside,United States,GM-145004,Gene McClure,0.0,US,1,2012-09-26 00:00:00.000,CA-2012-127173,Medium,OFF-FA-10004854,"Vinyl Coated Wire Paper Clips in Organizer Box, 800/Box",16.1868,3,East,36414,34,Consumer,2012-10-03 00:00:00.000,Standard Class,2.6,New York,Fasteners,2012,North America,39
Office Supplies,Buffalo,United States,KT-164804,Kean Thornton,0.0,US,1,2012-10-31 00:00:00.000,CA-2012-132570,High,OFF-AR-10000369,Design Ebony Sketching Pencil,0.7228,2,East,32528,3,Consumer,2012-11-02 00:00:00.000,Second Class,0.34,New York,Art,2012,North America,44
Office Supplies,Buffalo,United States,KT-164804,Kean Thornton,0.0,US,1,2012-10-31 00:00:00.000,CA-2012-132570,High,OFF-EN-10003055,"Blue String-Tie & Button Interoffice Envelopes, 10 x 13",35.982,2,East,32529,80,Consumer,2012-11-02 00:00:00.000,Second Class,10.2,New York,Envelopes,2012,North America,44
Office Supplies,Oceanside,United States,DV-134654,Dianna Vittorini,0.0,US,1,2012-11-09 00:00:00.000,CA-2012-146486,High,OFF-EN-10001509,Poly String Tie Envelopes,5.7528,6,East,36636,12,Consumer,2012-11-14 00:00:00.000,Second Class,2.7,New York,Envelopes,2012,North America,45
Office Supplies,Oceanside,United States,DV-134654,Dianna Vittorini,0.0,US,1,2012-11-09 00:00:00.000,CA-2012-146486,High,OFF-ST-10002554,Tennsco Industrial Shelving,4.891,5,East,36635,245,Consumer,2012-11-14 00:00:00.000,Second Class,24.12,New York,Storage,2012,North America,45
Office Supplies,Yonkers,United States,KD-162704,Karen Daniels,0.0,US,1,2013-03-02 00:00:00.000,US-2013-143819,Medium,OFF-PA-10003127,Staples,12.1348,1,East,32380,26,Consumer,2013-03-06 00:00:00.000,Standard Class,1.2,New York,Paper,2013,North America,9
Office Supplies,Yonkers,United States,KD-162704,Karen Daniels,0.0,US,1,2013-03-02 00:00:00.000,US-2013-143819,Medium,OFF-ST-10003208,Adjustable Depth Letter/Legal Cart,105.2468,2,East,32381,363,Consumer,2013-03-06 00:00:00.000,Standard Class,35.79,New York,Storage,2013,North America,9
Office Supplies,Auburn,United States,RB-193604,Raymond Buch,0.0,US,1,2013-04-02 00:00:00.000,CA-2013-166674,Critical,OFF-AR-10003156,50 Colored Long Pencils,7.9248,3,East,31747,30,Consumer,2013-04-04 00:00:00.000,Second Class,3.45,New York,Art,2013,North America,14
Office Supplies,Auburn,United States,RB-193604,Raymond Buch,0.0,US,1,2013-04-02 00:00:00.000,CA-2013-166674,Critical,OFF-AR-10001953,Boston 1645 Deluxe Heavier-Duty Electric Pencil Sharpener,71.2476,6,East,31746,264,Consumer,2013-04-04 00:00:00.000,Second Class,67.52,New York,Art,2013,North America,14
Office Supplies,Auburn,United States,RB-193604,Raymond Buch,0.0,US,1,2013-04-02 00:00:00.000,CA-2013-166674,Critical,OFF-AR-10004974,Newell 342,2.8536,3,East,31748,10,Consumer,2013-04-04 00:00:00.000,Second Class,1.89,New York,Art,2013,North America,14
Office Supplies,Auburn,United States,RB-193604,Raymond Buch,0.0,US,1,2013-04-02 00:00:00.000,CA-2013-166674,Critical,OFF-AR-10000588,Newell 345,15.4752,3,East,31744,60,Consumer,2013-04-04 00:00:00.000,Second Class,9.85,New York,Art,2013,North America,14
Office Supplies,Auburn,United States,RB-193604,Raymond Buch,0.0,US,1,2013-04-02 00:00:00.000,CA-2013-166674,Critical,OFF-ST-10001469,Fellowes Bankers Box Recycled Super Stor/Drawer,9.7164,3,East,31745,162,Consumer,2013-04-04 00:00:00.000,Second Class,60.4,New York,Storage,2013,North America,14
Office Supplies,Rome,United States,MM-179204,Michael Moore,0.0,US,1,2013-04-23 00:00:00.000,CA-2013-101329,Medium,OFF-AR-10000614,Barrel Sharpener,8.3538,9,East,40799,32,Consumer,2013-04-30 00:00:00.000,Standard Class,1.4,New York,Art,2013,North America,17
Office Supplies,Rome,United States,MM-179204,Michael Moore,0.0,US,1,2013-04-23 00:00:00.000,CA-2013-101329,Medium,OFF-AR-10003190,Newell 32,0.8064,1,East,40800,3,Consumer,2013-04-30 00:00:00.000,Standard Class,0.22,New York,Art,2013,North America,17
Office Supplies,Long Beach,United States,CB-124154,Christy Brittain,0.0,US,1,2013-06-13 00:00:00.000,CA-2013-139941,Medium,OFF-AP-10004036,Bionaire 99.97% HEPA Air Cleaner,18.396,3,East,38445,53,Consumer,2013-06-18 00:00:00.000,Standard Class,3.31,New York,Appliances,2013,North America,24
Office Supplies,Long Beach,United States,CB-124154,Christy Brittain,0.0,US,1,2013-06-13 00:00:00.000,CA-2013-139941,Medium,OFF-PA-10000241,"IBM Multi-Purpose Copy Paper, 8 1/2 x 11"", Case",41.823,3,East,38444,93,Consumer,2013-06-18 00:00:00.000,Standard Class,5.36,New York,Paper,2013,North America,24
Office Supplies,Troy,United States,TB-210554,Ted Butterfield,0.0,US,1,2013-06-18 00:00:00.000,CA-2013-111682,Critical,OFF-AR-10001868,Prang Dustless Chalk Sticks,0.84,1,East,31358,2,Consumer,2013-06-19 00:00:00.000,First Class,0.43,New York,Art,2013,North America,25
